Term,Word IDs
bottle,1
genie,2
like,3
acre,4
getting,5
whip,6
singsing,7
yeah,8
boy,9
pushing,10
friend,11
put,12
money,13
im,14
mixed,15
gave,16
hot,17
finger,18
fuck,19
left,20
tune,21
fucking,22
lock,23
daddy,24
love,25
life,26
daughter,27
one,28
worry,29
get,30
crew,31
wife,32
school,33
breaker,34
make,35
belgium,36
tongue,37
welcome,38
came,39
condo,40
horizon,41
took,42
want,43
whenever,44
north,45
wet,46
eye,47
bid,48
seldom,49
crazy,50
thats,51
know,52
say,53
nigga,54
judge,55
wrong,56
5year,57
lick,58
keep,59
else,60
play,61
tell,62
never,63
brick,64
tonight,65
kisser,66
high,67
drunk,68
alright,69
got,70
toppa,71
gram,72
fake,73
best,74
brother,75
anywhere,76
thing,77
visa,78
around,79
see,80
anyway,81
mine,82
call,83
world,84
beginner,85
ready,86
goggles,87
stop,88
imma,89
come,90
slide,91
cause,92
arm,93
paper,94
dyke,95
oven,96
rub,97
zone,98
alike,99
home,100
held,101
couple,102
helped,103
time,104
pussy,105
ratted,106
sober,107
excuse,108
ring,109
right,110
dont,111
fight,112
let,113
try,114
better,115
dee,116
pretty,117
lying,118
tatted,119
momma,120
tight,121
aint,122
bald,123
holler,124
felt,125
uh,126
need,127
owned,128
close,129
give,130
everywhere,131
something,132
heart,133
hitting,134
order,135
box,136
id,137
mover,138
tryin,139
baby,140
husband,141
top,142
fucked,143
bitch,144
side,145
long,146
lil,147
french,148
seatbelt,149
mother,150
shaker,151
jamaica,152
said,153
undenable,154
hellyeah,155
wont,156
way,157
struggle,158
word,159
bout,160
show,161
feel,162
rough,163
ohohohoh,164
lately,165
always,166
dancing,167
flick,168
string,169
tv,170
tough,171
family,172
main,173
childhood,174
hair,175
making,176
seem,177
lucky,178
running,179
dream,180
kid,181
comin,182
run,183
start,184
rambling,185
playing,186
game,187
gambling,188
could,189
much,190
youre,191
ive,192
listen,193
car,194
star,195
yxngxr1,196
oh,197
god,198
going,199
belong,200
ep,201
glowie,202
interlude,203
paso,204
corriente,205
la,206
como,207
sorprendo,208
dientes,209
con,210
verdad,211
entro,212
puede,213
continuamente,214
saco,215
los,216
que,217
goma,218
parece,219
pongo,220
caro,221
pero,222
cuando,223
gente,224
vacilar,225
extraña,226
material,227
vientre,228
vendo,229
paro,230
fácilmente,231
se,232
estrenar,233
frente,234
hago,235
entiendo,236
un,237
nada,238
borrar,239
tan,240
si,241
el,242
ser,243
de,244
sin,245
repente,246
defiendo,247
contra,248
volver,249
atrás,250
cliente,251
agua,252
20,253
al,254
palo,255
grandes,256
canciones,257
rosendo,258
lugar,259
fuera,260
ashamed,261
tried,262
laugh,263
anothers,264
fall,265
gone,266
line,267
burn,268
army,269
surround,270
done,271
youve,272
self,273
face,274
drawn,275
view,276
selfsatisfied,277
point,278
na,279
spite,280
glass,281
stand,282
razor,283
erase,284
thumb,285
realize,286
ash,287
lost,288
therell,289
cut,290
choose,291
destroying,292
distort,293
nose,294
clear,295
cant,296
compromise,297
path,298
ago,299
march,300
due,301
yesterday,302
stoke,303
unforgiving,304
broken,305
wire,306
take,307
fire,308
u,309
plain,310
meaning,311
anyone,312
righteousness,313
kept,314
live,315
past,316
crawl,317
gon,318
drum,319
care,320
shot,321
dillinger,322
four,323
noble,324
stabbings,325
blessing,326
room,327
began,328
fresh,329
eat,330
feeling,331
less,332
tho,333
demon,334
entire,335
leave,336
dissed,337
nation,338
fashion,339
change,340
bish,341
buy,342
whisper,343
find,344
spending,345
guess,346
mama,347
please,348
100k,349
fleek,350
till,351
goddamn,352
another,353
dealing,354
million,355
invest,356
twice,357
patience,358
built,359
cs6,360
reached,361
ignored,362
flip,363
hating,364
switch,365
ball,366
cutting,367
role,368
sad,369
tripledouble,370
real,371
receive,372
scene,373
missed,374
internet,375
mean,376
print,377
head,378
suck,379
bread,380
think,381
lose,382
september,383
finished,384
didnt,385
rejoin,386
blessed,387
clip,388
chain,389
talk,390
swank,391
moan,392
rilès,393
gut,394
gain,395
stalk,396
ear,397
shouldve,398
damn,399
sheol,400
course,401
hey,402
bought,403
rich,404
sense,405
cred,406
rest,407
hell,408
busy,409
still,410
fear,411
back,412
bailiff,413
mx,414
figure,415
craft,416
shit,417
weed,418
preach,419
december,420
directing,421
many,422
sweat,423
em,424
rehab,425
alone,426
red,427
som,428
wish,429
made,430
sell,431
street,432
hmar,433
record,434
letter,435
enero,436
november,437
miseria,438
psyche,439
gh5,440
paving,441
probably,442
elevate,443
flex,444
april,445
ya,446
mad,447
store,448
wasnt,449
lens,450
worth,451
whats,452
dick,453
ill,454
mind,455
read,456
happen,457
cubana,458
truth,459
homie,460
end,461
lie,462
sleep,463
liar,464
pray,465
would,466
stay,467
search,468
doomed,469
stack,470
buried,471
living,472
spend,473
understand,474
beach,475
foot,476
none,477
punani,478
aware,479
para,480
tlm,481
day,482
sure,483
simple,484
hoe,485
writing,486
cure,487
casa,488
sleeping,489
dance,490
problem,491
lone,492
grave,493
mom,494
since,495
fist,496
hurt,497
yea,498
step,499
3ein,500
peach,501
wanted,502
ceiling,503
turned,504
marijuana,505
dollar,506
told,507
lot,508
nickel,509
beating,510
swallow,511
girl,512
yes,513
picture,514
kill,515
heard,516
plane,517
repeating,518
vision,519
direction,520
gravel,521
soon,522
funny,523
needed,524
dime,525
sound,526
dark,527
inspection,528
communicating,529
death,530
growling,531
fading,532
catch,533
travel,534
voice,535
last,536
superstition,537
mono,538
vida,539
version,540
sumario,541
mano,542
mundo,543
compinchados,544
clara,545
autopistas,546
chapapote,547
poco,548
nietos,549
dinamita,550
televisión,551
sueño,552
patrocinados,553
haremos,554
crearemos,555
nuclear,556
gran,557
no,558
del,559
ani,560
junto,561
adelante,562
nuestros,563
casaré,564
mal,565
mar,566
objeción,567
tanques,568
pasearemos,569
cerebro,570
bañaremos,571
enrón,572
delicia,573
prestige,574
verso,575
bomba,576
desojaremos,577
democratizaremos,578
empieza,579
universo,580
humanos,581
más,582
bombardearemos,583
viva,584
pasote,585
seré,586
garzón,587
late,588
pariremos,589
obús,590
corazón,591
clarividente,592
serán,593
corta,594
veo,595
bush,596
en,597
parar,598
explosión,599
presidente,600
aznar,601
barras,602
por,603
margarita,604
capital,605
elektroduendes,606
everybody,607
look,608
help,609
walking,610
whoa,611
brand,612
cover,613
move,614
worldwide,615
open,616
new,617
freedom,618
hand,619
breathe,620
thought,621
wan,622
scream,623
singing,624
without,625
closeness,626
affection,627
aiai,628
song,629
enough,630
youll,631
hopefully,632
screen,633
morning,634
liaf,635
cipe,636
imagine,637
table,638
fvck,639
longer,640
extreme,641
food,642
strength,643
able,644
stable,645
cable,646
express,647
pulled,648
challenge,649
fvcked,650
burner,651
breadwinner,652
più,653
sempre,654
qui,655
vero,656
ti,657
vorrà,658
lascia,659
quei,660
addio,661
sarem,662
sorprenda,663
alfredo,664
lagrime,665
felici,666
divisi,667
piangi,668
ei,669
mami,670
tamo,671
avea,672
piedi,673
non,674
amami,675
ne,676
presso,677
calma,678
vedi,679
è,680
getterò,681
tra,682
mi,683
te,684
ai,685
suoi,686
tu,687
chei,688
perché,689
sarò,690
fior,691
son,692
sorrido,693
là,694
che,695
duopo,696
di,697
tranquilla,698
quantio,699
quanto,700
mallontani,701
lo,702
calla,703
maria,704
ii,705
act,706
traviata,707
digitally,708
remastered,709
eternal,710
journey,711
sensing,712
loose,713
free,714
set,715
blurry,716
falling,717
theur,718
shes,719
really,720
peace,721
cry,722
vein,723
poison,724
confuses,725
moved,726
good,727
veil,728
final,729
maybe,730
abyss,731
someone,732
dead,733
story,734
wall,735
mist,736
hellohello,737
sinking,738
trapped,739
asleep,740
white,741
maze,742
surrounding,743
seems,744
certain,745
hasnt,746
night,747
deep,748
fighting,749
mortal,750
soul,751
darkness,752
floating,753
air,754
empathy,755
hear,756
ramzet,757
rip,758
supposed,759
seen,760
cripple,761
believe,762
share,763
today,764
neck,765
sting,766
vain,767
alcohol,768
tie,769
guardian,770
found,771
little,772
book,773
13,774
history,775
stutter,776
die,777
happened,778
pain,779
tear,780
name,781
year,782
medicine,783
noose,784
skin,785
ache,786
nothing,787
saint,788
yet,789
relative,790
ease,791
hanging,792
round,793
tenderness,794
cutlery,795
apart,796
lucy,797
gray,798
envy,799
coast,800
sweet,801
suffering,802
waited,803
clay,804
firm,805
inclined,806
footstep,807
lord,808
patiently,809
upon,810
brought,811
miry,812
pit,813
rock,814
sing,815
u2,816
40,817
must,818
thanks,819
lift,820
mire,821
three,822
two,823
2008,824
surrender,825
size,826
lottery,827
oops,828
gasbag,829
big,830
roll,831
go,832
pocket,833
shooter,834
masseuse,835
chocolate,836
bag,837
sweater,838
backwood,839
drift,840
skip,841
every,842
whipping,843
soft,844
bounce,845
goose,846
cute,847
straight,848
watch,849
front,850
cappin,851
land,852
old,853
zoomin,854
vroomin,855
shampoo,856
carpet,857
baggage,858
might,859
ta,860
stuffed,861
boot,862
shift,863
donut,864
packed,865
shoe,866
pack,867
giving,868
engine,869
divvy,870
stew,871
picking,872
jam,873
rover,874
laughin,875
cost,876
cordial,877
as,878
v,879
juice,880
square,881
ima,882
cough,883
plush,884
grass,885
gettin,886
scurr,887
rum,888
smoke,889
tofu,890
mall,891
lookin,892
continent,893
ayy,894
natural,895
chanel,896
passin,897
discus,898
grey,899
bit,900
grab,901
wild,902
telemundo,903
action,904
increasing,905
drop,906
drip,907
threw,908
foreign,909
turtle,910
valentino,911
snag,912
wow,913
yall,914
urkel,915
european,916
stoppin,917
circle,918
supa,919
coppin,920
glued,921
paying,922
ooh,923
blunts,924
bentley,925
42,926
goofy,927
lou,928
bos,929
tokyo,930
oneseater,931
band,932
movin,933
brag,934
slut,935
g,936
smoking,937
fertile,938
goo,939
walk,940
fuckin,941
cool,942
purple,943
juvies,944
swoop,945
milfs,946
louis,947
scorching,948
mute,949
traffic,950
send,951
watchin,952
vvs,953
cash,954
private,955
whole,956
commercial,957
ice,958
rollin,959
sale,960
loud,961
chief,962
fruit,963
seat,964
sore,965
loser,966
hit,967
eating,968
diamond,969
young,970
sixgear,971
tantrum,972
virgil,973
yah,974
meal,975
range,976
check,977
shop,978
gucci,979
spa,980
bottom,981
lifestyle,982
sir,983
super,984
throwin,985
shade,986
cop,987
throw,988
ey,989
coupe,990
sremmurd,991
rae,992
sr3mm,993
hour,994
shake,995
used,996
somebody,997
ghost,998
needle,999
alarm,1000
lay,1001
bleeds,1002
turn,1003
sens,1004
tickticking,1005
key,1006
ah,1007
anthem,1008
gaslight,1009
45,1010
1999,1011
fill,1012
ever,1013
voodoo,1014
dumb,1015
segas,1016
well,1017
teeth,1018
electronics,1019
strong,1020
wipe,1021
fine,1022
milky,1023
card,1024
nintendo,1025
stardust,1026
millionaire,1027
body,1028
sony,1029
gold,1030
kaleidoscope,1031
1990,1032
light,1033
trading,1034
chemical,1035
swing,1036
wed,1037
whatever,1038
atari,1039
ferrari,1040
behind,1041
economics,1042
courtney,1043
barn,1044
99,1045
far,1046
hard,1047
pick,1048
sometimes,1049
news,1050
everyone,1051
ended,1052
wheres,1053
tree,1054
liberal,1055
flare,1056
finally,1057
allison,1058
dramatic,1059
betty,1060
pull,1061
label,1062
coffee,1063
newspaper,1064
anything,1065
bohemian,1066
expert,1067
copout,1068
responded,1069
whale,1070
putting,1071
opinion,1072
dear,1073
taking,1074
intelectual,1075
gay,1076
fun,1077
typical,1078
week,1079
crewcut,1080
doesnt,1081
tone,1082
touch,1083
bad,1084
seriously,1085
barrette,1086
allknowing,1087
wisdom,1088
caption,1089
hustler,1090
blood,1091
cruising,1092
hero,1093
advice,1094
went,1095
broadminded,1096
human,1097
dad,1098
deal,1099
pressure,1100
sorry,1101
surprising,1102
eighteenhour,1103
lorna,1104
upset,1105
experiment,1106
though,1107
wrapped,1108
broadway,1109
musical,1110
emily,1111
skeggs,1112
roberta,1113
malone,1114
lucas,1115
sydney,1116
colindrez,1117
michael,1118
cerveris,1119
beth,1120
flair,1121
lip,1122
okay,1123
lalala,1124
he,1125
charming,1126
prince,1127
charlotte,1128
tremble,1129
whispering,1130
darling,1131
lovely,1132
fly,1133
finer,1134
pianoforte,1135
hazy,1136
away,1137
meet,1138
heaven,1139
kiss,1140
goodbye,1141
laura,1142
osnes,1143
dama,1144
orgulho,1145
chama,1146
tarô,1147
vi,1148
achar,1149
búzios,1150
qualquer,1151
desvendar,1152
jogada,1153
coração,1154
dessa,1155
apostar,1156
aos,1157
adrenalina,1158
emoção,1159
reservou,1160
acende,1161
faz,1162
avenida,1163
está,1164
minha,1165
diversão,1166
tabuleiro,1167
amor,1168
vencedor,1169
peças,1170
encontrar,1171
quero,1172
fantasia,1173
seu,1174
castelo,1175
pra,1176
conta,1177
virar,1178
cabeça,1179
esse,1180
cantar,1181
vencer,1182
ma,1183
muito,1184
e,1185
vamos,1186
dia,1187
pinball,1188
tempo,1189
vai,1190
você,1191
é,1192
feliz,1193
fundo,1194
prazer,1195
meu,1196
dar,1197
mudar,1198
amar,1199
mergulhar,1200
euforia,1201
deixar,1202
cassino,1203
grande,1204
faço,1205
cartas,1206
essa,1207
perceber,1208
meio,1209
toma,1210
xequemate,1211
da,1212
jogo,1213
destino,1214
com,1215
hoje,1216
lançada,1217
paixão,1218
alegria,1219
quebrar,1220
vou,1221
povo,1222
ganhar,1223
nesse,1224
nessa,1225
viradouro,1226
sou,1227
bi,1228
respiro,1229
país,1230
brincar,1231
multidão,1232
sorte,1233
eu,1234
coisa,1235
um,1236
dominguinhos,1237
estacio,1238
vira,1239
insensitive,1240
wonder,1241
desiree,1242
11,1243
month,1244
ask,1245
moth,1246
dreamed,1247
virgin,1248
zetajones,1249
catherine,1250
b,1251
full,1252
beautiful,1253
charm,1254
exciting,1255
p,1256
n,1257
alphabetically,1258
speaking,1259
adorable,1260
c,1261
w,1262
z,1263
jack,1264
alphabet,1265
l,1266
x,1267
idolize,1268
h,1269
cutie,1270
r,1271
jill,1272
q,1273
j,1274
kissable,1275
complete,1276
wander,1277
heavenly,1278
k,1279
blond,1280
bashful,1281
brian,1282
hyland,1283
f,1284
feather,1285
diana,1286
panton,1287
君の部屋で見つけた,1288
距離も時も越えていける,1289
色んな気持ち,1290
なんだか可笑しい,1291
あぁ,1292
喧嘩した日もあったよね,1293
あいだったその意味は,1294
優しい気持ちになれるように,1295
小さく頷き,1296
いくつも心を重ねていく,1297
全部思いをぶちまけたら,1298
50個しかない言葉から,1299
君に思い伝えたんだ,1300
君で本当に良かった,1301
アルバムには三年前の,1302
この写真の日,1303
二人は似てるよと言ってくれたこと,1304
最初に並ぶのが,1305
今と変わらない瞳で君が,1306
あの日僕らを繋いだプレゼントは,1307
愛を乗せて,1308
変わりたくてさ,1309
僕はまだ一人きりで,1310
嫌いな過去も未来の不安さえも,1311
明日も輝いて見えるんだ,1312
懐かしいな,1313
焦ってばかり,1314
2人が写る,1315
たくさんの愛を集めたら,1316
言葉で君に届けよう,1317
人と話すの苦手だった,1318
ねぇ,1319
出会う前の日だね,1320
見えない気持ちを形にしたら,1321
心の中まで届くから,1322
君に出会えて良かった,1323
君が笑顔になれるように,1324
その声を覚えてる,1325
愛を運ぶ言葉なら,1326
言葉に乗せて届けよう,1327
色褪せない気持ちなんだ,1328
同じだねって言ったら,1329
どんな未来も贈る言葉で,1330
君を目指す言葉だよ,1331
一緒にいれば,1332
暖かい色が生まれる,1333
集合写真,1334
君まで泣いてたね,1335
君に出会ってわかったよ,1336
伝えたいのはその中にある,1337
いつだって君が手にした時に,1338
めくっていけば,1339
weaver,1340
wo,1341
atsumete,1342
panty,1343
aiight,1344
happening,1345
babe,1346
touching,1347
iiight,1348
bedroom,1349
kissing,1350
moment,1351
necessary,1352
babyayayayay,1353
inside,1354
listening,1355
loving,1356
scratch,1357
guaranteed,1358
chicago,1359
bj,1360
lindísima,1361
tú,1362
yo,1363
será,1364
día,1365
lindisima,1366
amada,1367
cómo,1368
quiero,1369
ámame,1370
sola,1371
niña,1372
amapola,1373
ingrate,1374
puedes,1375
vivir,1376
luz,1377
sea,1378
alma,1379
igual,1380
iqual,1381
ama,1382
siempre,1383
tuya,1384
mía,1385
mia,1386
flor,1387
domingo,1388
plácido,1389
il,1390
respinge,1391
esprime,1392
tamerò,1393
lieve,1394
man,1395
dice,1396
tua,1397
pupilla,1398
stretta,1399
labbro,1400
vieta,1401
della,1402
cerca,1403
umberto,1404
giordano,1405
people,1406
typewriter,1407
taping,1408
havent,1409
ribbon,1410
bother,1411
trial,1412
count,1413
joplin,1414
janis,1415
given,1416
shouldnt,1417
rain,1418
desire,1419
appearance,1420
captain,1421
business,1422
followed,1423
woman,1424
weather,1425
great,1426
sort,1427
behave,1428
recovered,1429
innocuous,1430
effort,1431
offend,1432
conversation,1433
difficult,1434
simply,1435
distance,1436
troop,1437
company,1438
cast,1439
passion,1440
2013,1441
york,1442
recording,1443
kuhn,1444
judy,1445
ryan,1446
silverman,1447
next,1448
rather,1449
special,1450
ride,1451
truck,1452
outside,1453
toothpick,1454
honey,1455
town,1456
picker,1457
hobo,1458
racing,1459
layed,1460
dig,1461
caught,1462
gambler,1463
water,1464
texas,1465
south,1466
desoto,1467
sunday,1468
knew,1469
drove,1470
motor,1471
train,1472
rambler,1473
dakota,1474
parked,1475
quarter,1476
blue,1477
jane,1478
briefcase,1479
gastwirt,1480
joe,1481
movie,1482
feelin,1483
groovy,1484
skrrt,1485
mess,1486
huh,1487
strip,1488
phone,1489
countin,1490
cheese,1491
hittin,1492
queso,1493
givin,1494
sso,1495
bop,1496
vibe,1497
wait,1498
bringin,1499
ménage,1500
guy,1501
yellin,1502
stick,1503
makin,1504
gang,1505
kind,1506
whoopty,1507
hottest,1508
besos,1509
guap,1510
jump,1511
peso,1512
spot,1513
cj,1514
puzzle,1515
satisfied,1516
missing,1517
steal,1518
shooting,1519
quite,1520
somethings,1521
choice,1522
nearly,1523
refuse,1524
incomplete,1525
race,1526
coming,1527
doubt,1528
urbanos,1529
corridos,1530
clorofila,1531
babyrock,1532
country,1533
silver,1534
small,1535
spread,1536
road,1537
called,1538
queen,1539
true,1540
wing,1541
blame,1542
livin,1543
dirt,1544
dreamin,1545
beauty,1546
tailgate,1547
cold,1548
thinkin,1549
jean,1550
city,1551
place,1552
root,1553
beer,1554
waitin,1555
leaned,1556
missin,1557
hope,1558
hill,1559
ridin,1560
turnin,1561
somewhere,1562
slow,1563
george,1564
birge,1565
mmmmmmmm,1566
shut,1567
fell,1568
blind,1569
spent,1570
sight,1571
crossed,1572
reliving,1573
ooooooooooooooh,1574
miss,1575
house,1576
oooooooooh,1577
forgot,1578
soak,1579
winndixie,1580
remind,1581
bootylicious,1582
lovejoy,1583
lounge,1584
tippytoes,1585
dj,1586
work,1587
flame,1588
georgia,1589
ballerina,1590
twerk,1591
swamp,1592
building,1593
showtime,1594
izzo,1595
krit,1596
bring,1597
cardinal,1598
hold,1599
highway,1600
sky,1601
slipped,1602
overcast,1603
gentle,1604
bluejays,1605
mouth,1606
apple,1607
hiding,1608
unreplaceble,1609
everything,1610
fatten,1611
baseball,1612
theyre,1613
couldnt,1614
bull,1615
sheen,1616
goat,1617
mountain,1618
instrumental,1619
exist,1620
trust,1621
creating,1622
radio,1623
decide,1624
絶対未解決事件化,1625
最大革命家玉砕死2xxx,1626
whether,1627
eaten,1628
moving,1629
anymore,1630
request,1631
今じゃwe,1632
within,1633
fool,1634
even,1635
大予言の意味さえもない,1636
match,1637
already,1638
fade,1639
looking,1640
有耶無耶の真相心理,1641
pleases,1642
全世界支配者到来,1643
theyll,1644
who,1645
politician,1646
defy,1647
何度も経験を積んだ僕の為に思い出を掴んでいくから,1648
boom,1649
disposed,1650
大事件不完全燃焼,1651
aim,1652
controlled,1653
achieve,1654
nobody,1655
最後の運命なんて関係ないって言いたくて心から掻き消せる日まで,1656
somehow,1657
arent,1658
年は終了,1659
wise,1660
first,1661
fooled,1662
touched,1663
youd,1664
remember,1665
cried,1666
lune,1667
suis,1668
btw,1669
mixtape,1670
wrote,1671
untitled,1672
monster,1673
ummummummummumm,1674
cookie,1675
eats,1676
favorite,1677
sesame,1678
muppets,1679
muppet,1680
also,1681
moon,1682
bite,1683
escravidão,1684
luta,1685
nosso,1686
encanto,1687
feiticeiras,1688
liberdade,1689
mito,1690
florescendo,1691
do,1692
persistiu,1693
seduzindo,1694
negras,1695
ideias,1696
louvação,1697
espelho,1698
odoyá,1699
proteção,1700
saluba,1701
história,1702
saga,1703
seus,1704
xi,1705
áfrica,1706
aportada,1707
justiça,1708
criação,1709
oxum,1710
iemanjá,1711
soberanas,1712
à,1713
eparrey,1714
meus,1715
realeza,1716
ancestrais,1717
ventre,1718
mães,1719
salgueiro,1720
oraieiê,1721
bahia,1722
dona,1723
nanã,1724
bravura,1725
santo,1726
tradição,1727
novos,1728
oyá,1729
obá,1730
senhoras,1731
candaces,1732
fé,1733
raiz,1734
novo,1735
veias,1736
berço,1737
suor,1738
chão,1739
beleza,1740
samba,1741
guerreiras,1742
pedem,1743
eternidade,1744
traz,1745
alforria,1746
canto,1747
axé,1748
magestosa,1749
mulheres,1750
reflete,1751
rainhas,1752
quinho,1753
candances,1754
woooooa,1755
atwo,1756
practicing,1757
mouse,1758
job,1759
deuce,1760
hoo,1761
midst,1762
ooo,1763
upcoming,1764
hi,1765
doin,1766
anybody,1767
session,1768
usa,1769
ballad,1770
critical,1771
cruised,1772
sharper,1773
cassius,1774
bragging,1775
along,1776
ahh,1777
sonny,1778
wilson,1779
squeak,1780
ha,1781
buddy,1782
ending,1783
surfing,1784
promise,1785
mike,1786
surfin,1787
woo,1788
joke,1789
practice,1790
feud,1791
carl,1792
trying,1793
ahhhhh,1794
early,1795
ooooo,1796
ought,1797
sings,1798
2,1799
least,1800
complains,1801
oooooo,1802
ohhh,1803
tbird,1804
farmer,1805
woooo,1806
list,1807
weekend,1808
break,1809
tach,1810
mile,1811
arguing,1812
dowuh,1813
throat,1814
everybodys,1815
showing,1816
quit,1817
safari,1818
settled,1819
starting,1820
mickey,1821
vol,1822
fast,1823
minute,1824
preparing,1825
opera,1826
learning,1827
talking,1828
aone,1829
out,1830
surfer,1831
ahhh,1832
atleast,1833
wwe,1834
2001,1835
und,1836
dann,1837
sind,1838
ja,1839
nicht,1840
für,1841
mensch,1842
wir,1843
irgendwann,1844
zukunft,1845
ein,1846
zärtlich,1847
auf,1848
traum,1849
den,1850
sacht,1851
dein,1852
laß,1853
ziel,1854
der,1855
heut,1856
armen,1857
vergebens,1858
freunde,1859
eine,1860
paar,1861
wenn,1862
fängt,1863
liebe,1864
ist,1865
gehn,1866
stunde,1867
zu,1868
deines,1869
noch,1870
ende,1871
worte,1872
unter,1873
neu,1874
heute,1875
lebens,1876
jetzt,1877
ab,1878
liegen,1879
beginnt,1880
tag,1881
von,1882
bewacht,1883
gläser,1884
ob,1885
heben,1886
schau,1887
nacht,1888
wein,1889
oder,1890
diese,1891
kein,1892
menschen,1893
schenk,1894
schaunn,1895
sein,1896
gedanken,1897
nie,1898
mir,1899
lebe,1900
udo,1901
laster,1902
jürgens,1903
champagnermedley,1904
bildern,1905
ließ,1906
er,1907
worten,1908
mein,1909
dargetan,1910
hören,1911
teuren,1912
hab,1913
offenbar,1914
vater,1915
taufe,1916
menschenkinder,1917
seine,1918
diesem,1919
höret,1920
wohlgefallen,1921
stimme,1922
sprach,1923
dy,1924
angenommen,1925
welt,1926
blut,1927
sohn,1928
christi,1929
nun,1930
gestalt,1931
himmelsthron,1932
nehmet,1933
hat,1934
fleisch,1935
mit,1936
lehren,1937
zugut,1938
klar,1939
lieber,1940
jordan,1941
ich,1942
vom,1943
niedriger,1944
euren,1945
gott,1946
hohen,1947
heiland,1948
gekommen,1949
bei,1950
cantata,1951
bach,1952
choir,1953
orchestra,1954
ton,1955
johann,1956
sebastian,1957
koopman,1958
baroque,1959
amsterdam,1960
kam,1961
bwv,1962
christ,1963
tenor,1964
7,1965
herr,1966
unser,1967
zum,1968
recitative,1969
piled,1970
careful,1971
cmon,1972
matter,1973
child,1974
denial,1975
frick,1976
ugh,1977
drawing,1978
door,1979
loved,1980
jacket,1981
baryshnikov,1982
remembering,1983
coat,1984
tomorrow,1985
village,1986
hook,1987
clueless,1988
twenty,1989
neglect,1990
umm,1991
museum,1992
basket,1993
amazing,1994
sec,1995
runaway,1996
block,1997
sealed,1998
screaming,1999
curtain,2000
sputtering,2001
five,2002
forever,2003
insatiable,2004
calculation,2005
moral,2006
there,2007
shed,2008
exit,2009
attention,2010
cross,2011
rolling,2012
countless,2013
manipulation,2014
deception,2015
washing,2016
predicated,2017
forced,2018
fate,2019
basis,2020
mighty,2021
appetite,2022
unseen,2023
obvious,2024
indefensible,2025
forging,2026
sorrow,2027
floor,2028
careless,2029
demand,2030
bitter,2031
plan,2032
shame,2033
woe,2034
contemplate,2035
hunger,2036
torture,2037
revealed,2038
pacified,2039
craves,2040
savage,2041
praise,2042
calm,2043
slain,2044
crown,2045
stalker,2046
conquer,2047
righteous,2048
innocent,2049
quest,2050
test,2051
demise,2052
existence,2053
rage,2054
engage,2055
sacred,2056
tool,2057
follow,2058
victim,2059
judgment,2060
stepping,2061
squeal,2062
leaf,2063
resolving,2064
killing,2065
passive,2066
dwells,2067
steel,2068
become,2069
crumbles,2070
proven,2071
second,2072
law,2073
justification,2074
battlefield,2075
chosen,2076
killed,2077
pure,2078
satisfy,2079
maimed,2080
reap,2081
lifeless,2082
yearning,2083
evil,2084
corpse,2085
stronger,2086
madness,2087
devil,2088
forth,2089
gore,2090
hatred,2091
limit,2092
pleading,2093
swallowed,2094
vengeance,2095
onward,2096
calling,2097
green,2098
suffer,2099
passed,2100
serve,2101
ray,2102
father,2103
midnight,2104
bless,2105
chance,2106
power,2107
justice,2108
black,2109
reign,2110
gift,2111
team,2112
capcom,2113
cryスタッフロール,2114
aprisionei,2115
fotografia,2116
belo,2117
divinal,2118
sem,2119
delirar,2120
personagem,2121
vezes,2122
diga,2123
quem,2124
palco,2125
fotos,2126
mudei,2127
às,2128
recordação,2129
desperta,2130
magia,2131
colo,2132
irmão,2133
eternizar,2134
comunicação,2135
sambista,2136
carnaval,2137
juntar,2138
papel,2139
vão,2140
momentos,2141
tijucana,2142
click,2143
fim,2144
artista,2145
o,2146
borel,2147
mistério,2148
azul,2149
flash,2150
mim,2151
amarelo,2152
estrelas,2153
olhar,2154
pelo,2155
iremos,2156
família,2157
homem,2158
pára,2159
emoldurei,2160
reluz,2161
dor,2162
consagrou,2163
valores,2164
preto,2165
brilhar,2166
força,2167
branco,2168
retratar,2169
nossa,2170
tela,2171
natureza,2172
lente,2173
tijuca,2174
sorria,2175
core,2176
formas,2177
vem,2178
mãe,2179
poder,2180
imagem,2181
falta,2182
pura,2183
histórias,2184
fez,2185
nesta,2186
musa,2187
pincel,2188
digital,2189
ganhei,2190
tom,2191
triste,2192
ilusão,2193
glamour,2194
unida,2195
wantuir,2196
cardeal,2197
dá,2198
lambida,2199
sheet,2200
alive,2201
snake,2202
strange,2203
cloak,2204
rattlin,2205
ooo0o0oo0oo0o,2206
cept,2207
mumble,2208
lonesome,2209
bed,2210
airrrr,2211
choke,2212
slammin,2213
crystal,2214
mistake,2215
screamin,2216
easy,2217
scare,2218
hide,2219
mmm,2220
warm,2221
fang,2222
catacomb,2223
grown,2224
scary,2225
haunted,2226
sun,2227
dagger,2228
graf,2229
shakey,2230
departed,2231
feat,2232
dearly,2233
sxsw,2234
spotify,2235
esme,2236
patterson,2237
2014,2238
féérie,2239
belle,2240
délicieusement,2241
chante,2242
damour,2243
charmant,2244
semble,2245
rêver,2246
toute,2247
tout,2248
nétait,2249
lâme,2250
baiser,2251
heureuse,2252
joie,2253
grisée,2254
réjouit,2255
autour,2256
du,2257
cœur,2258
je,2259
depuis,2260
est,2261
encore,2262
rêve,2263
étend,2264
ciel,2265
mon,2266
donnée,2267
triomphe,2268
pa,2269
s,2270
ailes,2271
premier,2272
vie,2273
lamour,2274
lumiére,2275
trop,2276
fleurie,2277
sur,2278
vibre,2279
souvenir,2280
jardin,2281
crois,2282
une,2283
nouvelle,2284
et,2285
moi,2286
sourire,2287
où,2288
destinée,2289
le,2290
quelle,2291
au,2292
jour,2293
gustave,2294
charpentier,2295
verlassen,2296
sarastro,2297
herzen,2298
durch,2299
mutter,2300
meinem,2301
natur,2302
nimmermehr,2303
bist,2304
schwur,2305
hört,2306
todesschmerzen,2307
rachegötter,2308
tochter,2309
verstoßen,2310
dich,2311
kocht,2312
verzweiflung,2313
tod,2314
alle,2315
flammet,2316
zertrümmert,2317
bande,2318
wird,2319
rache,2320
fühlt,2321
ewig,2322
sei,2323
mich,2324
meine,2325
erblassen,2326
hölle,2327
amadeus,2328
wolfgang,2329
mozart,2330
forme,2331
ed,2332
muoio,2333
fra,2334
disciogliea,2335
svanì,2336
amato,2337
dolci,2338
mio,2339
luscio,2340
dai,2341
fuggita,2342
rena,2343
damore,2344
sogno,2345
veli,2346
passo,2347
carezze,2348
mentrio,2349
ella,2350
per,2351
dellorto,2352
olezzava,2353
braccia,2354
disperato,2355
ho,2356
tanto,2357
fragrante,2358
terra,2359
fremente,2360
stelle,2361
languide,2362
stridea,2363
mai,2364
baci,2365
vita,2366
lora,2367
sfiorava,2368
cadea,2369
entrava,2370
lucevan,2371
luciano,2372
pavarotti,2373
drink,2374
austin,2375
solo,2376
shine,2377
smokin,2378
lang,2379
jonny,2380
forget,2381
answer,2382
cloud,2383
endless,2384
naive,2385
jacob,2386
heavy,2387
shield,2388
itd,2389
lp,2390
question,2391
rare,2392
bound,2393
loan,2394
marxism,2395
analogy,2396
bank,2397
revolution,2398
marley,2399
purse,2400
lonely,2401
wrought,2402
bomb,2403
blinded,2404
spun,2405
died,2406
clarify,2407
swathed,2408
riot,2409
royal,2410
dickensian,2411
police,2412
lesson,2413
captive,2414
prole,2415
student,2416
blow,2417
enjoy,2418
brain,2419
link,2420
weary,2421
melancholia,2422
dragging,2423
onsind,2424
stopped,2425
either,2426
جنين,2427
في,2428
بيظل,2429
شو,2430
shadia,2431
kuffiyeh,2432
شرفونا,2433
flag,2434
solidarity,2435
pavement,2436
انضيفكم,2437
إلى,2438
الحطة,2439
scarf,2440
الأرض,2441
شادية,2442
تاريخنا,2443
غلطتن,2444
سجل,2445
الحياه,2446
مين,2447
أبوهم,2448
اتكونوا,2449
و,2450
إلنا,2451
حيفا,2452
هويتي,2453
واين,2454
بظلني,2455
زمان,2456
resistance,2457
يلبسوها,2458
الشرق,2459
عربي,2460
كوفية,2461
عمومنا,2462
أي,2463
rhamalla,2464
علي,2465
هنش,2466
حرف,2467
وجودنا,2468
فلسطينية,2469
لبست,2470
نشوف,2471
هز,2472
meem,2473
جينا,2474
بنستقبلهن,2475
الحضارة,2476
movement,2477
شفت,2478
الأساسية,2479
هيك,2480
الشاهد,2481
إلهن,2482
قلدونا,2483
بشر,2484
إياه,2485
الشقتين,2486
لا,2487
فرجونا,2488
ياله,2489
الغرب,2490
بين,2491
arabic,2492
يغز,2493
دم,2494
اتأملوا,2495
فقير,2496
statement,2497
feelins,2498
propalestinian,2499
شلحتوني,2500
m1,2501
جبل,2502
symbolism,2503
اتعقدوا,2504
الشام,2505
ما,2506
ولا,2507
إتفننوا,2508
كيف,2509
أنا,2510
إتربيت,2511
طمعانين,2512
مهما,2513
رام,2514
كلشي,2515
بخيل,2516
الله,2517
مثل,2518
الصورة,2519
إحنا,2520
العرب,2521
زلزالي,2522
بدن,2523
حطتنا,2524
انعليها,2525
وطنية,2526
الكوفية,2527
باعتقد,2528
البيضة,2529
خليني,2530
bonita,2531
علوها,2532
بتحبوا,2533
إداركوا,2534
الفلسطيني,2535
إلبسنا,2536
أولاد,2537
غصبا,2538
مؤثرة,2539
مسؤوليتي,2540
qué,2541
إعرفوا,2542
القدس,2543
علولي,2544
bandera,2545
دموع,2546
تراثنا,2547
spanish,2548
قدس,2549
الغطيان,2550
غيروا,2551
إياها,2552
الخير,2553
أكثر,2554
السودة,2555
بيكفي,2556
واضحة,2557
البسنا,2558
كموضة,2559
terrorist,2560
عربية,2561
mutual,2562
zionist,2563
هويتنا,2564
بي,2565
عأصولي,2566
صاروا,2567
كلماتي,2568
كلاب,2569
قبل,2570
منصور,2571
mutulu,2572
bang,2573
hayfa,2574
wave,2575
rbgd,2576
gaza,2577
الحمرة,2578
rag,2579
coincidence,2580
olugbala,2581
مخلقت,2582
سيدي,2583
rbg,2584
أمة,2585
لما,2586
نسكتلن,2587
العربي,2588
نسمحلن,2589
هالكوفية,2590
كرامتنا,2591
disgustedly,2592
ghetto,2593
صباح,2594
عأرض,2595
غز,2596
الشعب,2597
bandanna,2598
يوم,2599
trend,2600
ملبستوني,2601
النار,2602
فيه,2603
spit,2604
عيونا,2605
حصن,2606
بلاد,2607
على,2608
لإنا,2609
basic,2610
بلونا,2611
بالدنيا,2612
rep,2613
تفضلوا,2614
لابقلي,2615
لبس,2616
عن,2617
يا,2618
لفوق,2619
middle,2620
مش,2621
ثقافتنا,2622
يسرقوا,2623
ها,2624
انزكرن,2625
هي,2626
تلبسوا,2627
باللبس,2628
بعد,2629
راح,2630
شغلة,2631
فيها,2632
من,2633
مهد,2634
بالسما,2635
لساني,2636
wahad,2637
الثوب,2638
arabeyye,2639
kofeyye,2640
mansour,2641
prez,2642
popos,2643
shotgun,2644
wid,2645
guage,2646
daylight,2647
runnin,2648
chase,2649
khaki,2650
hang,2651
bullet,2652
glock,2653
eruption,2654
dumpin,2655
bud,2656
killas,2657
playin,2658
outta,2659
claire,2660
sprayed,2661
commit,2662
slang,2663
thang,2664
pop,2665
clan,2666
assassin,2667
heartless,2668
chest,2669
dome,2670
remain,2671
stalking,2672
duckin,2673
befo,2674
eternally,2675
distributing,2676
thuggest,2677
buckin,2678
ninety,2679
collectin,2680
pullin,2681
muthafuckas,2682
maintain,2683
keepin,2684
mo,2685
layzie,2686
scared,2687
suit,2688
buckshot,2689
finna,2690
dunn,2691
luvs,2692
fusion,2693
ctown,2694
return,2695
mentality,2696
buck,2697
12guage,2698
posse,2699
darkside,2700
65,2701
str8,2702
blazin,2703
underground,2704
jumped,2705
whenna,2706
grain,2707
droppin,2708
beat,2709
broad,2710
nine,2711
execution,2712
hustla,2713
number,2714
fence,2715
muthafuckin,2716
escape,2717
poetic,2718
claim,2719
talkin,2720
95th,2721
flossed,2722
beware,2723
causing,2724
hollow,2725
nuthin,2726
peep,2727
prosecution,2728
pap,2729
pump,2730
swang,2731
quick,2732
bendin,2733
gun,2734
daily,2735
llelo,2736
coffin,2737
everyday,2738
looooose,2739
burnin,2740
tryna,2741
blastin,2742
bone,2743
widda,2744
hydro,2745
dare,2746
realer,2747
murda,2748
betta,2749
double,2750
strap,2751
cleveland,2752
crept,2753
east,2754
slug,2755
popo,2756
tec,2757
loot,2758
shoot,2759
snub,2760
brew,2761
thug,2762
thugsnharmony,2763
ojos,2764
hada,2765
impresionante,2766
genios,2767
vuelve,2768
tetas,2769
colirio,2770
comprime,2771
eungenio,2772
trazo,2773
carne,2774
latidos,2775
realista,2776
peseta,2777
catalán,2778
ochenta,2779
mágica,2780
buen,2781
esta,2782
andamos,2783
lápiz,2784
exprés,2785
saliendo,2786
justos,2787
lienzo,2788
donde,2789
burbuja,2790
reencarnas,2791
una,2792
porque,2793
estés,2794
queremos,2795
rocococo,2796
dalí,2797
anacoreta,2798
decolora,2799
cadaqués,2800
impresionista,2801
mirada,2802
olla,2803
bigote,2804
cabeza,2805
deben,2806
vapor,2807
aquí,2808
piel,2809
hazlo,2810
haga,2811
místicos,2812
curvan,2813
tejidos,2814
cosa,2815
oculista,2816
distingue,2817
va,2818
colorista,2819
él,2820
bayonetas,2821
asustado,2822
delirantes,2823
desdibuja,2824
mezclas,2825
ascetas,2826
surrealista,2827
su,2828
pesa,2829
gala,2830
genio,2831
morir,2832
acaba,2833
descontar,2834
cuenta,2835
osamenta,2836
lavadora,2837
tirita,2838
loco,2839
reencarnarte,2840
dios,2841
lamenta,2842
delirio,2843
sedosa,2844
paleta,2845
deslumbrada,2846
salvador,2847
fuese,2848
belleza,2849
mecano,2850
dali,2851
vehicle,2852
波動大穴ギャラクシー,2853
ジャスティス七つ玉,2854
今見せよう真の姿を,2855
神々たる変貌,2856
植えつけたのはプロパガンダ,2857
ギニュー,2858
frog,2859
イレイザーガン,2860
終わらん魂,2861
笑って踏み潰す,2862
独裁主義者,2863
己朽ち果てる事はなく,2864
ラディッツ,2865
ジース,2866
ロマンティック,2867
その虫けら誘き出す,2868
後悔など遅い,2869
リストラ,2870
占領支配黒い煙網羅,2871
ロングヘアー,2872
ビリビリビリ大気がウネる,2873
悪戦慄闇アンダーワールド,2874
秩序,2875
君散りタマエ,2876
宣戦布告民に血担う,2877
戦闘力53万,2878
ズキズキズキ傷が痛む,2879
国狩り,2880
平伏す者さえ全て焼き尽くす,2881
キュイ様あっけなく即死,2882
ナッパ,2883
油断罠パラサイツ,2884
無論,2885
獰猛ドドリア横暴,2886
リクーム,2887
虐待拷問人権なく,2888
怯え泣くは我ら民,2889
乱獲乱伐乱開発,2890
頭の中,2891
この痛みと共に塞ぐ,2892
迷宮入りヒストリー,2893
ボディーチェンジ,2894
逃げ惑う無抵抗民族,2895
そう,2896
ザーボン,2897
木っ端微塵に消し飛ばす,2898
不老不死求めナメック星移動,2899
大虐殺武力弾圧独裁主義者,2900
大虐殺,2901
武力弾圧,2902
スカウター狂ってクラッシュ,2903
ビリビリビリ大地が揺れる,2904
ここで繰り返される自然破壊,2905
sick,2906
pink,2907
フリーザ,2908
クライマックス予言なき意味,2909
バータ,2910
ポア,2911
その二の腕,2912
浮遊した,2913
その震えはダークサイド,2914
ポアダ,2915
グルド,2916
hormone,2917
maximum,2918
standing,2919
hidden,2920
symphony,2921
ballet,2922
invitation,2923
together,2924
boobooboobooyah,2925
continue,2926
inner,2927
ovation,2928
future,2929
cave,2930
teenage,2931
artist,2932
deerhoof,2933
farewell,2934
filthy,2935
t,2936
fucker,2937
ruby,2938
hood,2939
guilty,2940
swag,2941
dripping,2942
skinny,2943
leather,2944
cheek,2945
hip,2946
lace,2947
jv,2948
thong,2949
thin,2950
dope,2951
chuck,2952
twitch,2953
jones,2954
ayron,2955
bant,2956
dû,2957
hen,2958
sto,2959
cerithar,2960
ôl,2961
úerir,2962
egor,2963
rúvo,2964
chîr,2965
nín,2966
beriathon,2967
gondor,2968
coll,2969
dim,2970
aen,2971
tellin,2972
vegil,2973
presto,2974
rovail,2975
ú,2976
annon,2977
hiriath,2978
mae,2979
aur,2980
mordor,2981
rym,2982
úthenin,2983
egorv,2984
illaid,2985
risto,2986
prestant,2987
beriad,2988
ngurth,2989
ardhon,2990
guil,2991
orthannen,2992
ae,2993
naur,2994
han,2995
gerin,2996
elessar,2997
cyll,2998
suiwaew,2999
shore,3000
howard,3001
frodo,3002
maestro,3003
ben,3004
やすらぎ求め,3005
ただ,3006
錆びて,3007
終わる,3008
こぼれた痛みと引き替えに,3009
どこまでいける枠を越えて,3010
満たされれば,3011
その先はアダムへ,3012
でも,3013
楽になれない,3014
帰れなくて,3015
bitching,3016
呑み込む闇と引き替えに,3017
虚しさが掻き消されていくかい,3018
悲しみが消え失せていくかい,3019
downward,3020
俺が巧く導くから聞かせて,3021
moaning,3022
怖がらずに続け,3023
essence,3024
俺は林檎の種を蒔くから,3025
枯れた場所へ,3026
また,3027
委ねて,3028
さぁ終わりだすべて壊せ,3029
赤と黒に染める声が混ざり合う,3030
神の落とし子,3031
抱え込んでも,3032
もし世界が明日終わるとしても,3033
今日,3034
錆びて溶ける,3035
despairsray,3036
forbidden,3037
forcefed,3038
form,3039
wasted,3040
dying,3041
dependent,3042
stupidity,3043
opportunity,3044
television,3045
america,3046
sald,3047
crutch,3048
clean,3049
led,3050
5,3051
manufactured,3052
image,3053
easily,3054
apathy,3055
responsibility,3056
youth,3057
control,3058
beaten,3059
art,3060
although,3061
crippled,3062
short,3063
sold,3064
bar,3065
faded,3066
push,3067
dougie,3068
dirty,3069
poppin,3070
six,3071
mr,3072
hella,3073
friday,3074
bra,3075
laid,3076
kinda,3077
chinchillin,3078
grillin,3079
sexy,3080
seethrough,3081
neon,3082
wreckage,3083
lived,3084
cage,3085
reflection,3086
oneself,3087
distressed,3088
vibrate,3089
space,3090
allow,3091
radiate,3092
empty,3093
dignity,3094
connect,3095
void,3096
accept,3097
stereolab,3098
refrigerator,3099
hall,3100
handle,3101
ungrateful,3102
comment,3103
isnt,3104
saw,3105
backbiting,3106
faithful,3107
piece,3108
idiot,3109
sneer,3110
looked,3111
raoul,3112
pale,3113
isle,3114
squelch,3115
seal,3116
indeed,3117
afraid,3118
limb,3119
minion,3120
greedy,3121
quickly,3122
backstage,3123
meant,3124
fleck,3125
port,3126
madame,3127
scurried,3128
phanton,3129
favor,3130
harm,3131
safe,3132
theyve,3133
distraught,3134
owed,3135
poor,3136
vicious,3137
waste,3138
blockade,3139
pier,3140
shell,3141
christine,3142
hurry,3143
giry,3144
mirror,3145
undone,3146
crowd,3147
dry,3148
meg,3149
damned,3150
carriage,3151
spoken,3152
drunken,3153
recondition,3154
pulling,3155
dressing,3156
smashed,3157
tomb,3158
webber,3159
lloyd,3160
andrew,3161
lover,3162
shadow,3163
disco,3164
club,3165
embargo,3166
pissed,3167
president,3168
megaton,3169
crap,3170
public,3171
everythings,3172
appropriate,3173
election,3174
wazoo,3175
miller,3176
lyin,3177
jersey,3178
gotcha,3179
wood,3180
saudi,3181
democratic,3182
waking,3183
waning,3184
hamburger,3185
vote,3186
sammy,3187
argue,3188
startin,3189
crack,3190
conclude,3191
ozone,3192
fix,3193
oil,3194
massachusetts,3195
goin,3196
packing,3197
service,3198
sewage,3199
piss,3200
bubula,3201
schmuck,3202
johnson,3203
ten,3204
airport,3205
crate,3206
democrat,3207
voted,3208
nightmare,3209
administration,3210
terrified,3211
republican,3212
listenin,3213
hole,3214
grandma,3215
backbone,3216
mommy,3217
sam,3218
mario,3219
cantone,3220
chandelier,3221
slightly,3222
divine,3223
horn,3224
sail,3225
sounding,3226
lady,3227
slim,3228
walked,3229
snowy,3230
tall,3231
taller,3232
blew,3233
guitar,3234
ballroom,3235
naturally,3236
window,3237
nightingale,3238
hue,3239
across,3240
original,3241
rodgers,3242
hammerstein,3243
cinderella,3244
sensibility,3245
思い叫び出せ,3246
果てにぶち壊せ,3247
circumstance,3248
弱虫の気持ちがわかる,3249
やらなきゃ行けないの,3250
その場だけ愛想笑い,3251
wowwow,3252
屁理屈だけ,3253
押し付けて来ないで,3254
当たり前なんて,3255
いつから覚えたっけ,3256
一人前だね,3257
拳月あげろう,3258
不器用な僕には難しいよ,3259
やりたくない事も,3260
今はいらないよ,3261
今更信じない,3262
revolt,3263
笑顔の裏にある,3264
誰も邪魔させない,3265
阪急掲げて拳月上げろう,3266
逃げるための場所,3267
リアルな汚い顔,3268
このまま僕は終わりたくない,3269
ここで戦うことを決めたんだ,3270
誰もじゃまさせない,3271
身勝手なおだて言葉,3272
raise,3273
depends,3274
叫び声を上げて,3275
color,3276
king,3277
swim,3278
fact,3279
dyou,3280
dolphin,3281
kissed,3282
safer,3283
drive,3284
bowie,3285
david,3286
2017,3287
ohohohohh,3288
noone,3289
klax,3290
remix,3291
mix,3292
edit,3293
glastonbury,3294
2000,3295
remaster,3296
helden,3297
reservation,3298
converted,3299
cheap,3300
listened,3301
sitting,3302
wolfmother,3303
extraordinary,3304
track,3305
ambassador,3306
thank,3307
france,3308
coquette,3309
hatter,3310
surprise,3311
imposing,3312
ohho,3313
nice,3314
half,3315
reckoned,3316
garfield,3317
handsome,3318
terrifying,3319
james,3320
denis,3321
ann,3322
clow,3323
ohare,3324
foard,3325
baker,3326
becky,3327
merwin,3328
underneath,3329
bare,3330
started,3331
asked,3332
react,3333
grandfather,3334
grandad,3335
closed,3336
knife,3337
alcoholic,3338
orphan,3339
misery,3340
tobacco,3341
wooden,3342
colour,3343
booze,3344
person,3345
barely,3346
loss,3347
15,3348
murderer,3349
kin,3350
sat,3351
deper,3352
can,3353
composure,3354
solution,3355
hid,3356
regaining,3357
dried,3358
stair,3359
stare,3360
situation,3361
extent,3362
funded,3363
carve,3364
banana,3365
decay,3366
bike,3367
covered,3368
nowhere,3369
snow,3370
porch,3371
silence,3372
explain,3373
asks,3374
latterman,3375
decided,3376
pisa,3377
randys,3378
later,3379
bridge,3380
leapt,3381
lem,3382
college,3383
fort,3384
nevermind,3385
globe,3386
leaning,3387
valley,3388
composition,3389
stripe,3390
study,3391
embarrass,3392
alleghaney,3393
teach,3394
m,3395
shaded,3396
important,3397
class,3398
map,3399
bubble,3400
tower,3401
area,3402
state,3403
keystone,3404
shading,3405
potential,3406
paint,3407
creek,3408
pennslyvania,3409
hmhm,3410
closet,3411
rugged,3412
park,3413
reading,3414
bruce,3415
plateau,3416
unless,3417
ruin,3418
dimension,3419
bum,3420
uncle,3421
learn,3422
exploding,3423
ridge,3424
christian,3425
interesting,3426
born,3427
john,3428
halfbaked,3429
winter,3430
draw,3431
germany,3432
aunt,3433
crusade,3434
hearing,3435
keeping,3436
bond,3437
drowning,3438
discipline,3439
tired,3440
spinning,3441
monkey,3442
mission,3443
worse,3444
parade,3445
wouldnt,3446
crush,3447
begun,3448
ground,3449
staring,3450
barreling,3451
forward,3452
bright,3453
drown,3454
pirate,3455
ship,3456
holdyourtongue,3457
station,3458
cracked,3459
dunno,3460
creep,3461
shitty,3462
stayed,3463
dragginh,3464
bruised,3465
belive,3466
tile,3467
pretend,3468
sidewalk,3469
smile,3470
sign,3471
melted,3472
slamming,3473
bent,3474
sit,3475
weight,3476
palm,3477
liquor,3478
exhaustion,3479
concave,3480
scraping,3481
burning,3482
lawrence,3483
monty,3484
golden,3485
marriage,3486
join,3487
fairy,3488
pumpkin,3489
godmother,3490
horse,3491
aand,3492
impossible,3493
foldelrol,3494
fg,3495
yellow,3496
daft,3497
beggar,3498
fiddly,3499
sensible,3500
possible,3501
suppose,3502
zany,3503
eyed,3504
dewy,3505
rule,3506
anyhthing,3507
bumpkin,3508
victoria,3509
clark,3510
forgetting,3511
agony,3512
vacancy,3513
carry,3514
becomes,3515
bow,3516
define,3517
echo,3518
reality,3519
dragged,3520
mass,3521
remorse,3522
halfway,3523
stone,3524
independence,3525
haunt,3526
pride,3527
bliss,3528
grow,3529
beneath,3530
charcoal,3531
weve,3532
slowly,3533
dipped,3534
resonate,3535
insanity,3536
among,3537
regret,3538
torment,3539
reminds,3540
mud,3541
near,3542
resentment,3543
brings,3544
secret,3545
memory,3546
peru,3547
silkworm,3548
african,3549
meek,3550
princess,3551
milan,3552
milkmaid,3553
silk,3554
thief,3555
flock,3556
sport,3557
huntress,3558
fancy,3559
prima,3560
seek,3561
men,3562
sally,3563
japan,3564
heiress,3565
command,3566
jungle,3567
calcutta,3568
type,3569
glad,3570
obey,3571
chair,3572
mild,3573
mermaid,3574
dangerous,3575
unarmed,3576
corner,3577
lioness,3578
lair,3579
donna,3580
norwegian,3581
quarry,3582
greatest,3583
confident,3584
judging,3585
belt,3586
answered,3587
bible,3588
condemned,3589
discrimination,3590
tunnel,3591
based,3592
evolve,3593
sex,3594
condemning,3595
bigot,3596
forsaken,3597
ignorance,3598
judged,3599
narrowminded,3600
rejected,3601
failure,3602
plagued,3603
somewhat,3604
envious,3605
confess,3606
pulpit,3607
panel,3608
flying,3609
alison,3610
learned,3611
frpm,3612
save,3613
finding,3614
resist,3615
waiting,3616
confused,3617
pay,3618
abuse,3619
fray,3620
electric,3621
may,3622
2006,3623
factory,3624
philadelphia,3625
foldarol,3626
pom,3627
ensemble,3628
joinssible,3629
fiddledeedee,3630
worl,3631
zannies,3632
ohah,3633
marie,3634
woke,3635
bill,3636
monday,3637
hated,3638
rise,3639
showin,3640
breath,3641
pill,3642
curing,3643
kay,3644
starr,3645
spoke,3646
underline,3647
bruise,3648
idea,3649
remove,3650
messed,3651
relieved,3652
billion,3653
commerical,3654
thousand,3655
peaceful,3656
insane,3657
popular,3658
cherry,3659
instantly,3660
shall,3661
oberlin,3662
15th,3663
cleaning,3664
pete,3665
seven,3666
office,3667
trauma,3668
brochure,3669
perez,3670
joel,3671
hinsdale,3672
birney,3673
noah,3674
griffin,3675
holding,3676
eagle,3677
reach,3678
suddenly,3679
lifted,3680
losing,3681
relax,3682
imagined,3683
superhero,3684
music,3685
newman,3686
randy,3687
knock,3688
franklin,3689
gentleman,3690
hail,3691
considered,3692
possibility,3693
wine,3694
reproach,3695
grand,3696
glorious,3697
presidency,3698
united,3699
aspire,3700
toast,3701
appendix,3702
miami,3703
reassures,3704
roosevelt,3705
limitless,3706
mere,3707
stomach,3708
jeffrey,3709
fue,3710
recordando,3711
hoy,3712
cuidar,3713
recuerdo,3714
supo,3715
existe,3716
pecho,3717
rencor,3718
entrego,3719
llorando,3720
estara,3721
ska,3722
carta,3723
inspector,3724
lamba,3725
chrisitan,3726
blocked,3727
union,3728
joint,3729
attenti,3730
newfound,3731
unable,3732
tsunamilike,3733
introduce,3734
beginning,3735
knowing,3736
painting,3737
working,3738
dougs,3739
hello,3740
dammit,3741
described,3742
queerness,3743
process,3744
blaming,3745
brinley,3746
almost,3747
meeting,3748
hectoring,3749
single,3750
edge,3751
revelation,3752
shrewed,3753
cosgroves,3754
nel,3755
lignora,3756
tazza,3757
sinebriì,3758
gaudio,3759
libiamo,3760
così,3761
cinvita,3762
voluttà,3763
lamore,3764
abbella,3765
caldi,3766
calici,3767
lieti,3768
suscita,3769
dividere,3770
nasce,3771
godiamo,3772
fervido,3773
onnipotente,3774
destin,3775
sami,3776
fugace,3777
follia,3778
paradiso,3779
tutto,3780
mondo,3781
amore,3782
accento,3783
dite,3784
piacer,3785
goder,3786
poichè,3787
cantico,3788
dellamore,3789
giocondo,3790
nol,3791
infiora,3792
lusinghier,3793
nuovo,3794
godiam,3795
riso,3796
ancora,3797
nè,3798
quando,3799
tripudio,3800
dì,3801
bellezza,3802
saprò,3803
notte,3804
scopra,3805
fremiti,3806
ciò,3807
libiam,3808
rapido,3809
chi,3810
può,3811
os,3812
questo,3813
voi,3814
muore,3815
fuggevol,3816
avrà,3817
quellocchio,3818
giuseppe,3819
verdi,3820
nelieti,3821
amuse,3822
18,3823
selling,3824
saying,3825
underestimate,3826
magic,3827
glencer,3828
callin,3829
earth,3830
asking,3831
uhuh,3832
field,3833
dyin,3834
optimistic,3835
cryin,3836
bro,3837
askin,3838
homicide,3839
overseas,3840
loneliness,3841
hate,3842
lean,3843
styrofoam,3844
paradise,3845
cup,3846
happiness,3847
chill,3848
level,3849
havoc,3850
wake,3851
angel,3852
dust,3853
evening,3854
flaked,3855
sunrise,3856
santino,3857
fontanalaura,3858
vorrei,3859
masetto,3860
io,3861
giovanni,3862
pene,3863
cangerò,3864
ci,3865
felice,3866
dirai,3867
fa,3868
andiam,3869
ristorar,3870
innocente,3871
diletto,3872
vieni,3873
sé,3874
ver,3875
sì,3876
bene,3877
forte,3878
darem,3879
duet,3880
ancor,3881
sarei,3882
lontano,3883
trema,3884
cor,3885
burlarmi,3886
pietà,3887
dun,3888
partiam,3889
bel,3890
zerlina,3891
cangierò,3892
mañana,3893
disimula,3894
segura,3895
dormía,3896
ranquila,3897
conmigo,3898
mucho,3899
propio,3900
pasará,3901
harta,3902
importó,3903
tienes,3904
cogía,3905
cualquier,3906
dejame,3907
seguimos,3908
mejor,3909
sonrió,3910
ante,3911
tumbaba,3912
esperar,3913
fondo,3914
empresa,3915
tranquila,3916
todo,3917
estarás,3918
dudó,3919
besol,3920
metía,3921
quería,3922
quédate,3923
esto,3924
quedas,3925
podría,3926
expresa,3927
queja,3928
claro,3929
cogió,3930
estaré,3931
estabann,3932
mejila,3933
caminando,3934
abrazaba,3935
seremos,3936
destrozado,3937
aún,3938
contenta,3939
fastidiando,3940
pasa,3941
dejó,3942
mayor,3943
dijo,3944
mueca,3945
dio,3946
era,3947
verás,3948
pesar,3949
peor,3950
menos,3951
encima,3952
aprender,3953
sólo,3954
recogiendo,3955
tocaba,3956
cuidaré,3957
estado,3958
importa,3959
bien,3960
aprendido,3961
cae,3962
demasiado,3963
nunca,3964
puerta,3965
jugaba,3966
empezaré,3967
siendo,3968
irá,3969
sigue,3970
colegio,3971
preocupes,3972
lado,3973
llegar,3974
cocina,3975
suelo,3976
piratas,3977
guarding,3978
capable,3979
tightening,3980
net,3981
warning,3982
morphine,3983
revenge,3984
predicted,3985
telling,3986
encourages,3987
toll,3988
unthinkable,3989
proud,3990
watching,3991
friendship,3992
inferno,3993
society,3994
dancin,3995
thatll,3996
shown,3997
raineys,3998
stomp,3999
alabamy,4000
prance,4001
swell,4002
jew,4003
cabaret,4004
latest,4005
affair,4006
neighborhood,4007
trance,4008
grandpa,4009
rainey,4010
sapete,4011
già,4012
leggete,4013
contadine,4014
novantuna,4015
turchia,4016
principesse,4017
sia,4018
cento,4019
ricca,4020
contesse,4021
vhan,4022
picca,4023
dolcezza,4024
porti,4025
sua,4026
gentilezza,4027
seicento,4028
amò,4029
trentuna,4030
delle,4031
duecento,4032
giovin,4033
predominante,4034
vezzosa,4035
età,4036
bianca,4037
magrotta,4038
bruna,4039
cittadine,4040
italia,4041
queste,4042
bionda,4043
bella,4044
ognor,4045
cameriere,4046
osservate,4047
grassotta,4048
costanza,4049
madamina,4050
donne,4051
vecchie,4052
tre,4053
conquista,4054
pel,4055
lista,4056
francia,4057
maestosa,4058
dogni,4059
catalogo,4060
porle,4061
brutta,4062
quel,4063
vuol,4064
lodar,4065
ispagna,4066
padron,4067
principiante,4068
fattiio,4069
nella,4070
marchesane,4071
destate,4072
gonnella,4073
lamagna,4074
dinverno,4075
quaranta,4076
forma,4077
lusanza,4078
piccina,4079
purché,4080
mille,4081
grado,4082
egli,4083
baronesse,4084
dita,4085
sue,4086
bianco,4087
fiori,4088
laurora,4089
carezza,4090
arcano,4091
schiudi,4092
desti,4093
ove,4094
veste,4095
sol,4096
luce,4097
tuo,4098
invano,4099
par,4100
lamor,4101
dischiude,4102
metti,4103
stuol,4104
fremito,4105
vestita,4106
anche,4107
commosso,4108
dolente,4109
creato,4110
rosee,4111
manca,4112
intorno,4113
cantor,4114
leoncavallo,4115
ruggero,4116
mattinata,4117
recently,4118
ploy,4119
cheating,4120
reason,4121
repeat,4122
overjoyed,4123
stuck,4124
westbrook,4125
zachary,4126
poet,4127
selfreflection,4128
fascinating,4129
often,4130
perfection,4131
highness,4132
rupert,4133
lamb,4134
ogre,4135
perfect,4136
use,4137
destroyer,4138
lion,4139
needy,4140
bell,4141
pitiless,4142
giant,4143
complicated,4144
jerk,4145
christopher,4146
dragon,4147
church,4148
slayer,4149
gargoyle,4150
sportsman,4151
farfromperfect,4152
fontana,4153
splendido,4154
divin,4155
spettacolo,4156
dallonde,4157
premo,4158
uscito,4159
posso,4160
mappartieni,4161
spettacol,4162
fiorente,4163
alla,4164
tutta,4165
arricchir,4166
rapito,4167
offrir,4168
fin,4169
leuropa,4170
patria,4171
terreno,4172
suol,4173
sognata,4174
nostro,4175
fecondo,4176
batte,4177
ecco,4178
meyerbeer,4179
giacomo,4180
coro,4181
mic,4182
tested,4183
fichael,4184
survival,4185
daytoday,4186
4,4187
8,4188
rebel,4189
scour,4190
rival,4191
poetry,4192
microphone,4193
kine,4194
rop,4195
cuz,4196
bo,4197
speech,4198
3,4199
smart,4200
6,4201
x7,4202
marquee,4203
sharona,4204
penalize,4205
eatin,4206
mantanka,4207
coup,4208
honor,4209
itll,4210
stifle,4211
channel,4212
ededdeddie,4213
fan,4214
armor,4215
interest,4216
smash,4217
defensive,4218
beyond,4219
feeble,4220
account,4221
ok,4222
recite,4223
anytime,4224
fible,4225
meteorite,4226
seeing,4227
treble,4228
mmmmy,4229
battling,4230
wwwwatch,4231
cheatin,4232
mmmmike,4233
lane,4234
blasphemy,4235
gim,4236
jazz,4237
horrible,4238
mmmike,4239
mastery,4240
weak,4241
realized,4242
epiphany,4243
manifest,4244
rigorize,4245
rude,4246
kkkkeep,4247
locked,4248
ggirl,4249
lovin,4250
mash,4251
bbbbologna,4252
karma,4253
mystery,4254
hurrying,4255
passing,4256
pimp,4257
rhyme,4258
catastrophe,4259
experience,4260
hone,4261
mmmichael,4262
gggood,4263
development,4264
photofinish,4265
pilot,4266
reducing,4267
1,4268
california,4269
destiny,4270
dribble,4271
aaron,4272
razzmattazzledazzling,4273
psycho,4274
menace,4275
interested,4276
mikah,4277
sparring,4278
stststyle,4279
9,4280
detat,4281
aceyalone,4282
guidance,4283
anyday,4284
style,4285
mc,4286
audacity,4287
rifle,4288
takeover,4289
sweaty,4290
steady,4291
lettin,4292
honestly,4293
ay,4294
kibble,4295
enemy,4296
rockin,4297
wrappin,4298
victory,4299
dealer,4300
bologna,4301
harrassing,4302
codependents,4303
arrested,4304
trouble,4305
ppparty,4306
part,4307
case,4308
gathering,4309
player,4310
haiku,4311
takin,4312
hurdling,4313
mmmy,4314
grim,4315
til,4316
hayes,4317
fffreddy,4318
kkkkinda,4319
enriches,4320
mack,4321
slip,4322
hurling,4323
eddie,4324
ancestor,4325
coward,4326
file,4327
winnelally,4328
relief,4329
instinct,4330
mmmicrophona,4331
smitten,4332
routine,4333
master,4334
entrancement,4335
whose,4336
spare,4337
danced,4338
concede,4339
sought,4340
replaced,4341
note,4342
dreaming,4343
entranced,4344
worried,4345
vocabulary,4346
fella,4347
cookin,4348
hep,4349
fit,4350
intimate,4351
plainer,4352
zink,4353
wit,4354
tsk,4355
completely,4356
solid,4357
chick,4358
ticker,4359
snoot,4360
jackson,4361
leaving,4362
romance,4363
expression,4364
upper,4365
groove,4366
murder,4367
helium,4368
begin,4369
character,4370
flat,4371
heck,4372
language,4373
motion,4374
mona,4375
lisa,4376
amos,4377
torus,4378
wooh,4379
evry,4380
romeo,4381
leavin,4382
meanin,4383
woof,4384
killin,4385
zoot,4386
elses,4387
dinah,4388
सर,4389
क़सम,4390
મગવ,4391
डर,4392
बसन,4393
તરણય,4394
આવ,4395
ख़ज़न,4396
एक,4397
એન,4398
ढढ़,4399
सग,4400
વગડ,4401
મર,4402
અમદવદ,4403
એવ,4404
ર,4405
વર,4406
રડ,4407
म,4408
ઝપલય,4409
આયવ,4410
ઢળ,4411
लर,4412
यद,4413
મ,4414
मन,4415
अगन,4416
સયબ,4417
कस,4418
સરત,4419
સન,4420
આઇવ,4421
ત,4422
पय,4423
નથણ,4424
क,4425
મત,4426
मज,4427
ઘડ,4428
ઘડવ,4429
छट,4430
સસ,4431
ન,4432
जत,4433
જ,4434
ज,4435
मय,4436
જગત,4437
मस,4438
अपन,4439
લળલળ,4440
ક,4441
કસરય,4442
द,4443
पल,4444
રજ,4445
बध,4446
શર,4447
बगन,4448
વખણય,4449
એ,4450
बबल,4451
જયત,4452
घर,4453
य,4454
નથ,4455
કચ,4456
ह,4457
रसम,4458
सब,4459
મણક,4460
જય,4461
दनय,4462
न,4463
छड़,4464
aishwarya,4465
majmudar,4466
nathni,4467
fredda,4468
saprà,4469
principessa,4470
dilegua,4471
sulla,4472
tramontate,4473
scioglierà,4474
dovrem,4475
dirò,4476
dorma,4477
nessun,4478
noi,4479
bacio,4480
mistero,4481
guardi,4482
nome,4483
stanza,4484
vincerò,4485
suo,4486
allalba,4487
bocca,4488
ahimè,4489
tremano,4490
chiuso,4491
speranza,4492
silenzio,4493
splenderà,4494
puccini,4495
carreras,4496
josé,4497
mí,4498
mentir,4499
ilusión,4500
ilusionana,4501
mirar,4502
visto,4503
querer,4504
mujeres,4505
saben,4506
tiemblen,4507
malas,4508
temblando,4509
buena,4510
sus,4511
llorar,4512
lágrimas,4513
esa,4514
lloran,4515
callar,4516
así,4517
singular,4518
miran,4519
desventurada,4520
horas,4521
rezar,4522
sirena,4523
envenenó,4524
piadosa,4525
mujer,4526
fingir,4527
malvada,4528
accanto,4529
fu,4530
gioco,4531
palpitar,4532
fuoco,4533
starò,4534
lungo,4535
mesta,4536
gorgheggiar,4537
sospirar,4538
lampo,4539
gioachino,4540
rossini,4541
enlisted,4542
heading,4543
england,4544
adjust,4545
location,4546
henry,4547
marry,4548
afield,4549
painter,4550
legendary,4551
setting,4552
holbien,4553
máquina,4554
passar,4555
evolução,4556
energia,4557
uma,4558
tenho,4559
acreditar,4560
sonho,4561
botão,4562
sonhar,4563
legou,4564
jamais,4565
toda,4566
transforma,4567
lindas,4568
encontrará,4569
só,4570
futuro,4571
ao,4572
belas,4573
brasil,4574
toque,4575
região,4576
viver,4577
transborda,4578
cada,4579
próprias,4580
cultura,4581
mãos,4582
aplausos,4583
folium,4584
paraíso,4585
sopro,4586
tão,4587
escravizado,4588
verde,4589
criativa,4590
expressão,4591
pé,4592
artesão,4593
fonte,4594
entrelaçam,4595
ambição,4596
preciso,4597
mocidade,4598
arte,4599
feito,4600
divina,4601
poesia,4602
mão,4603
talento,4604
pela,4605
nascer,4606
pó,4607
inspiração,4608
imaginação,4609
peça,4610
pelas,4611
vê,4612
bruno,4613
ribas,4614
feita,4615
festa,4616
pretérito,4617
comperar,4618
struggo,4619
andare,4620
indarno,4621
porta,4622
lamassi,4623
voglio,4624
sul,4625
arno,4626
voandare,4627
babbo,4628
bello,4629
piace,4630
ponte,4631
vecchio,4632
andrei,4633
lanello,4634
babbino,4635
buttarmi,4636
rossa,4637
tormento,4638
schicchi,4639
gianni,4640
concibo,4641
decirme,4642
vez,4643
dejas,4644
eres,4645
acabó,4646
vuelvas,4647
matas,4648
compasión,4649
pasión,4650
marchas,4651
modo,4652
alientas,4653
decisiones,4654
quieres,4655
olvidas,4656
quererte,4657
enloquecida,4658
suerte,4659
recuerdas,4660
lamarque,4661
libertad,4662
swimming,4663
sends,4664
fro,4665
thomas,4666
glory,4667
glow,4668
southern,4669
shout,4670
hardworking,4671
ole,4672
baugh,4673
alabama,4674
breeze,4675
pant,4676
1986,4677
stomped,4678
superman,4679
rulin,4680
baddabyebyebye,4681
jeep,4682
oral,4683
feed,4684
93,4685
hows,4686
butt,4687
bust,4688
whine,4689
girlfriend,4690
slit,4691
feast,4692
beamer,4693
except,4694
direct,4695
rudebwoy,4696
1993,4697
unzipped,4698
swinger,4699
schemin,4700
rolled,4701
boogie,4702
singer,4703
sloppy,4704
denise,4705
hangin,4706
skeezer,4707
stupid,4708
brazil,4709
several,4710
group,4711
frank,4712
gee,4713
dizzy,4714
nonstop,4715
cat,4716
interrupted,4717
kris,4718
production,4719
effect,4720
lobby,4721
girlies,4722
accelerator,4723
party,4724
checkin,4725
krsone,4726
92,4727
wallet,4728
ced,4729
hiphop,4730
somethin,4731
ruffneck,4732
broke,4733
bwoy,4734
krsonell,4735
homeboy,4736
brooklyn,4737
released,4738
kr,4739
lead,4740
kenny,4741
bap,4742
poucas,4743
passado,4744
peito,4745
porto,4746
batem,4747
teus,4748
aí,4749
parto,4750
pedras,4751
passos,4752
pegadas,4753
presente,4754
persegue,4755
torto,4756
provoca,4757
poema,4758
são,4759
palavras,4760
moleque,4761
leque,4762
alceu,4763
valença,4764
terminum,4765
humilis,4766
figuris,4767
servus,4768
hominum,4769
re,4770
mirabilis,4771
dat,4772
dominum,4773
pauper,4774
coelicus,4775
panis,4776
angelicus,4777
manducat,4778
iac,4779
25,4780
curried,4781
aside,4782
deserve,4783
pushed,4784
bathing,4785
wheel,4786
press,4787
sparkle,4788
highflying,4789
crumb,4790
understands,4791
local,4792
joy,4793
desperate,4794
hoping,4795
taste,4796
boss,4797
coney,4798
closer,4799
island,4800
unwind,4801
beg,4802
sink,4803
trip,4804
ugly,4805
sake,4806
swayed,4807
permit,4808
hurting,4809
lap,4810
wash,4811
greased,4812
finish,4813
robbed,4814
papa,4815
wondered,4816
here,4817
conscience,4818
orages,4819
ô,4820
gloire,4821
plus,4822
viendra,4823
dans,4824
première,4825
réveiller,4826
proche,4827
splendeur,4828
sen,4829
caress,4830
voyageur,4831
misère,4832
deuil,4833
trouvera,4834
chercheront,4835
souffle,4836
yeux,4837
pourtant,4838
tristesses,4839
temp,4840
vallon,4841
vainement,4842
hélas,4843
demain,4844
souvenant,4845
pourquoi,4846
printemps,4847
jules,4848
massenet,4849
skull,4850
jet,4851
ticket,4852
stained,4853
policestate,4854
fair,4855
violence,4856
martyred,4857
thinker,4858
piggy,4859
incubated,4860
nailed,4861
discontent,4862
headlight,4863
marilyn,4864
manson,4865
deu,4866
empenho,4867
valor,4868
liberto,4869
espelha,4870
quis,4871
raça,4872
ele,4873
este,4874
corpo,4875
invasor,4876
anjo,4877
prisão,4878
humanidade,4879
senhor,4880
corre,4881
braço,4882
farsa,4883
encontra,4884
filho,4885
humano,4886
deste,4887
foi,4888
segregação,4889
clamou,4890
tigre,4891
leão,4892
mandela,4893
fome,4894
glória,4895
céu,4896
gueto,4897
nove,4898
canta,4899
num,4900
privação,4901
injustiça,4902
louvado,4903
filhas,4904
alento,4905
matizado,4906
favela,4907
não,4908
horror,4909
cobiça,4910
sangue,4911
pensamento,4912
igualdade,4913
abraçar,4914
monstro,4915
maior,4916
ergueu,4917
misturado,4918
permanece,4919
caveirão,4920
pedra,4921
museu,4922
deus,4923
vermelha,4924
herói,4925
andanças,4926
luizinho,4927
colpa,4928
miei,4929
fe,4930
volsi,4931
ermo,4932
inaspettato,4933
quegli,4934
gioia,4935
piè,4936
costante,4937
dappianarti,4938
mel,4939
chio,4940
vani,4941
favore,4942
cupo,4943
vuoi,4944
nello,4945
rispetto,4946
grata,4947
ladoro,4948
diè,4949
ottenni,4950
deh,4951
seguaci,4952
debolezza,4953
cavaliero,4954
europa,4955
intesi,4956
soave,4957
gli,4958
fugga,4959
spento,4960
affanno,4961
nemici,4962
oblio,4963
sono,4964
smarrito,4965
giubilo,4966
sottrasse,4967
sdegnosa,4968
concesso,4969
però,4970
gloria,4971
fuggirmi,4972
saria,4973
taci,4974
ardore,4975
tuoi,4976
troppo,4977
campo,4978
chiede,4979
sovente,4980
soglio,4981
eppur,4982
darmida,4983
forse,4984
dubitar,4985
questanima,4986
sionne,4987
prova,4988
barbari,4989
bellica,4990
rai,4991
esprimere,4992
riponesti,4993
opre,4994
disastri,4995
momento,4996
palpiti,4997
armida,4998
tromba,4999
fortunato,5000
prode,5001
unalma,5002
libertà,5003
fiera,5004
qual,5005
magica,5006
comprender,5007
dover,5008
schernirti,5009
geme,5010
pur,5011
piagò,5012
strada,5013
marcato,5014
provo,5015
chiama,5016
stato,5017
palese,5018
accenti,5019
quasi,5020
serberà,5021
vostra,5022
spada,5023
soavi,5024
schernirmi,5025
furor,5026
colui,5027
fingi,5028
risuoni,5029
cadde,5030
sentiero,5031
scordasti,5032
crudele,5033
lonor,5034
sent,5035
detti,5036
tinganni,5037
cessa,5038
questalma,5039
barbaro,5040
recami,5041
eroi,5042
proseguir,5043
comandò,5044
giorni,5045
abbandono,5046
possente,5047
questi,5048
cui,5049
chesprimere,5050
dicea,5051
rispondi,5052
desio,5053
duce,5054
trafiggermi,5055
perduta,5056
misero,5057
diverso,5058
dolce,5059
insieme,5060
morte,5061
memoria,5062
laita,5063
spietato,5064
laffetto,5065
uninfelice,5066
bellico,5067
fia,5068
rammento,5069
dal,5070
possanza,5071
minvitò,5072
cara,5073
frutto,5074
rivederti,5075
laltrui,5076
trasse,5077
vacilla,5078
disprezzo,5079
istante,5080
schiera,5081
natura,5082
resistere,5083
mirai,5084
maccusi,5085
serbai,5086
questa,5087
possio,5088
tuamorpossente,5089
schlitzen,5090
schädel,5091
in,5092
augen,5093
keuze,5094
drehen,5095
lieg,5096
alfred,5097
nächten,5098
strande,5099
gräbern,5100
päpste,5101
äther,5102
sich,5103
männer,5104
kriechen,5105
selbe,5106
süchte,5107
öffnen,5108
dunkeln,5109
schlaflos,5110
türen,5111
stürzen,5112
takte,5113
führen,5114
schleichen,5115
mister,5116
schießen,5117
schoß,5118
nächte,5119
gestresst,5120
messer,5121
tanzmusik,5122
ängste,5123
hände,5124
fallen,5125
seele,5126
grüße,5127
krallen,5128
jenseits,5129
hitchcock,5130
kreischend,5131
mann,5132
leichen,5133
fest,5134
moo,5135
dem,5136
häute,5137
vögel,5138
tausend,5139
liebeswalzer,5140
silly,5141
crash,5142
brink,5143
bat,5144
win,5145
throttle,5146
gate,5147
wide,5148
hacksaw,5149
williams,5150
scarface,5151
stake,5152
composed,5153
hauser,5154
dominik,5155
moroder,5156
giorgio,5157
background,5158
inane,5159
ba,5160
varnished,5161
awful,5162
slam,5163
library,5164
response,5165
assume,5166
breakup,5167
splendor,5168
guidato,5169
crin,5170
vittoria,5171
aida,5172
mistico,5173
guerrier,5174
esercito,5175
savverasse,5176
cinto,5177
regal,5178
patrio,5179
menfi,5180
regina,5181
serto,5182
prodi,5183
plauso,5184
cielo,5185
pugnato,5186
lauri,5187
tornar,5188
posarti,5189
ergerti,5190
trono,5191
ridarti,5192
fossi,5193
vinto,5194
raggio,5195
dirti,5196
celeste,5197
pensiero,5198
brezze,5199
vicino,5200
fossiceleste,5201
florescer,5202
usando,5203
levantar,5204
pergunto,5205
conviver,5206
razão,5207
fazer,5208
bateria,5209
onde,5210
divino,5211
olhos,5212
irradia,5213
entre,5214
taí,5215
pintura,5216
feitiço,5217
venceu,5218
diferente,5219
social,5220
escola,5221
esculturas,5222
agogô,5223
comissão,5224
preconceito,5225
novidades,5226
pedir,5227
relativo,5228
harmonizar,5229
limite,5230
serrinha,5231
jeito,5232
adversidade,5233
mudou,5234
tem,5235
diferença,5236
invade,5237
admirar,5238
temos,5239
eficiente,5240
poeta,5241
destaque,5242
liga,5243
tá,5244
império,5245
olha,5246
astral,5247
difícil,5248
loucura,5249
primeiro,5250
normal,5251
motivo,5252
tudo,5253
outro,5254
quê,5255
nasceu,5256
respeito,5257
romantismo,5258
nego,5259
serrano,5260
dumbfounded,5261
paris,5262
shortly,5263
worthless,5264
armybuddy,5265
married,5266
pienso,5267
oyes,5268
caney,5269
vienes,5270
eco,5271
barrio,5272
tesoro,5273
rudo,5274
ven,5275
dulzor,5276
palma,5277
boca,5278
voz,5279
espero,5280
moriré,5281
muero,5282
sueños,5283
ansia,5284
cristal,5285
arrullo,5286
oye,5287
manigual,5288
miel,5289
pierda,5290
siboney,5291
puso,5292
trace,5293
breaking,5294
shining,5295
gladness,5296
aching,5297
worthwhile,5298
sadness,5299
quasthoff,5300
theme,5301
arranged,5302
modern,5304
schwartz,5305
portrait,5306
ulcerriddled,5307
24,5308
expectation,5309
summoned,5310
meager,5311
wheezing,5312
senior,5313
tragic,5314
richmond,5315
rejection,5316
savvy,5317
overcome,5318
devastating,5319
deemed,5320
lifetime,5321
hopeful,5322
palace,5323
usual,5324
educated,5325
repulsive,5326
wrinkled,5327
resplendent,5328
known,5329
fullest,5330
wherever,5331
discovered,5332
detail,5333
connecting,5334
exposed,5335
breathing,5336
series,5337
yamagata,5338
rachael,5339
pt,5340
elena,5341
alleganey,5342
upside,5343
shower,5344
dressed,5345
tour,5346
wonderful,5347
historical,5348
object,5349
bochner,5350
shennanigans,5351
appeared,5352
mapa,5353
ou,5354
depois,5355
ela,5356
acidental,5357
voa,5358
verão,5359
maquiagem,5360
máximo,5361
gira,5362
linda,5363
pro,5364
viagem,5365
inverno,5366
dividir,5367
mais,5368
deixa,5369
eleva,5370
efeito,5371
enquanto,5372
boa,5373
estamos,5374
tequila,5375
diz,5376
louco,5377
multiplicar,5378
tipo,5379
novidade,5380
quer,5381
lua,5382
chamo,5383
salve,5384
gelado,5385
quase,5386
ideia,5387
questão,5388
alguém,5389
certa,5390
sensação,5391
banho,5392
perfeita,5393
mesmo,5394
sexo,5395
cachu,5396
bem,5397
genial,5398
ficamos,5399
ecoa,5400
salva,5401
logo,5402
brinda,5403
vinda,5404
sondheim,5405
stephen,5406
shape,5407
chillin,5408
vatoz,5409
homegrls,5410
actin,5411
bouncin,5412
court,5413
chikas,5414
neva,5415
disrespect,5416
hustlin,5417
bk,5418
wayhe,5419
chevy,5420
03,5421
sprung,5422
low,5423
summer,5424
alwayz,5425
rt,5426
ull,5427
twisted,5428
neither,5429
luv,5430
fav,5431
feelz,5432
sumtimes,5433
ne1,5434
itz,5435
jus,5436
trynna,5437
mealymouthed,5438
calf,5439
suicide,5440
deign,5441
chicken,5442
doctor,5443
general,5444
coiled,5445
hong,5446
rustling,5447
kong,5448
stockade,5449
pardon,5450
prescription,5451
slaughter,5452
breast,5453
admiral,5454
masthead,5455
serpent,5456
sharon,5457
twicecursed,5458
sigh,5459
teat,5460
lower,5461
sway,5462
boat,5463
suckered,5464
london,5465
painful,5466
prescribed,5467
rye,5468
palisade,5469
valedictorian,5470
driving,5471
sugarpie,5472
allergy,5473
smell,5474
flashback,5475
downtown,5476
filled,5477
auburn,5478
honeybunch,5479
thundering,5480
grows,5481
babyhold,5482
pegno,5483
ritroveremo,5484
ricercheremo,5485
cavalieri,5486
ramiro,5487
tumulto,5488
comprenderlo,5489
voleremo,5490
ritroverò,5491
giuro,5492
lusinghi,5493
seno,5494
grembo,5495
freddo,5496
adorato,5497
domanderemo,5498
fosse,5499
giove,5500
muove,5501
stringerò,5502
ritrovarla,5503
almeno,5504
timore,5505
treated,5506
tennessee,5507
muddy,5508
barrel,5509
passenger,5510
thelma,5511
wreck,5512
gal,5513
dog,5514
log,5515
pistol,5516
stole,5517
haul,5518
stall,5519
shiny,5520
rounder,5521
atlanta,5522
johnny,5523
checking,5524
marvin,5525
gaye,5526
murmered,5527
meadow,5528
met,5529
reeling,5530
howdoyou,5531
howdoyoudos,5532
fling,5533
murmured,5534
glen,5535
amanheceu,5536
odin,5537
asgard,5538
ó,5539
água,5540
choque,5541
vulcões,5542
chacrinha,5543
afrevado,5544
massa,5545
buzina,5546
maravilha,5547
banquete,5548
abençoou,5549
imir,5550
imperatriz,5551
cinzas,5552
pelos,5553
vibrava,5554
bandeja,5555
paladar,5556
mulher,5557
monstros,5558
bacalhau,5559
começou,5560
norte,5561
já,5562
geração,5563
batata,5564
multicor,5565
surge,5566
riqueza,5567
essas,5568
fogo,5569
explosão,5570
apagar,5571
arretado,5572
imaginou,5573
suou,5574
tim,5575
platéia,5576
querem,5577
cá,5578
arcoíris,5579
gigantes,5580
fom,5581
vocês,5582
reino,5583
conservou,5584
chamego,5585
até,5586
assim,5587
imensidão,5588
navegou,5589
clarear,5590
dominação,5591
emocionou,5592
sal,5593
mare,5594
terras,5595
noruega,5596
noite,5597
raios,5598
rasgou,5599
saudade,5600
secou,5601
sabor,5602
ventos,5603
despertou,5604
ardente,5605
taca,5606
sonhou,5607
lá,5608
basco,5609
viquingues,5610
gelo,5611
teresinha,5612
joia,5613
uhuhuuu,5614
nah,5615
browsing,5616
picked,5617
cartoon,5618
har,5619
refined,5620
paste,5621
definitely,5622
swear,5623
poster,5624
afternoon,5625
photo,5626
bookstore,5627
powerful,5628
joan,5629
parent,5630
section,5631
shoved,5632
knick,5633
interview,5634
nuke,5635
wandered,5636
granola,5637
totally,5638
embarrased,5639
figured,5640
flipped,5641
aah,5642
package,5643
shelf,5644
lesbian,5645
bye,5646
thinking,5647
why,5648
robot,5649
mary,5650
80,5651
spell,5652
modem,5653
reno,5654
using,5655
locate,5656
liberty,5657
freeze,5658
amy,5659
adam,5660
fortuna,5661
pettini,5662
prontissimo,5663
sta,5664
folla,5665
manchera,5666
pronto,5667
bottega,5668
barbiere,5669
risorsa,5670
vogliono,5671
fumine,5672
tutti,5673
cuccagna,5674
verita,5675
figaro,5676
qua,5677
citta,5678
donnetta,5679
fanciulle,5680
uno,5681
volta,5682
parruca,5683
ahime,5684
biglietto,5685
bravissimo,5686
lancette,5687
gia,5688
carita,5689
dintorno,5690
cavaliere,5691
bravo,5692
rasori,5693
vecchi,5694
giu,5695
piacere,5696
giorno,5697
li,5698
giro,5699
ehi,5700
nobile,5701
colla,5702
forbici,5703
ragazzi,5704
vivere,5705
furia,5706
chiedono,5707
col,5708
qualita,5709
fortunatissimo,5710
sanguigna,5711
lalba,5712
poi,5713
mestiere,5714
comando,5715
piu,5716
largo,5717
miglior,5718
factotum,5719
barba,5720
nikolay,5721
kopylov,5722
cavatina,5723
sevile,5724
barber,5725
wordless,5726
lung,5727
worship,5728
propel,5729
unawareness,5730
molding,5731
hears,5732
result,5733
wear,5734
fertilize,5735
stillness,5736
noise,5737
anger,5738
prayer,5739
destroy,5740
cemetery,5741
strive,5742
endlessly,5743
norma,5744
potter,5745
mopar,5746
recall,5747
pennsylvania,5748
capsize,5749
date,5750
ballgame,5751
pb,5752
chin,5753
dashboard,5754
philly,5755
zapatistas,5756
prize,5757
defeat,5758
farc,5759
governor,5760
rebar,5761
bored,5762
6200,5763
collapse,5764
10,5765
increase,5766
cement,5767
mumia,5768
credit,5769
adult,5770
debt,5771
cobbs,5772
steak,5773
sears,5774
357,5775
release,5776
camp,5777
prison,5778
rid,5779
martinized,5780
fry,5781
dwyers,5782
17,5783
tastycake,5784
karate,5785
aka,5786
goode,5787
divorcee,5788
overcompensate,5789
conjugal,5790
magazine,5791
widow,5792
dissect,5793
season,5794
photography,5795
visit,5796
dddont,5797
boring,5798
headline,5799
concealed,5800
doubting,5801
insisting,5802
aflout,5803
succumbing,5804
wallpaper,5805
150,5806
rushing,5807
ordering,5808
hemingway,5809
classroom,5810
contact,5811
shoulder,5812
faulkner,5813
smelling,5814
route,5815
physical,5816
digging,5817
dogwood,5818
cologne,5819
designer,5820
sweep,5821
bracing,5822
pulse,5823
sawdust,5824
parlor,5825
steaming,5826
weakness,5827
sentence,5828
hype,5829
proof,5830
taken,5831
stereotyped,5832
whod,5833
announcing,5834
degress,5835
curiosity,5836
civility,5837
accountable,5838
progress,5839
deliver,5840
kindness,5841
shameless,5842
accommodate,5843
denouncing,5844
responsible,5845
punch,5846
madball,5847
guardato,5848
soglia,5849
sazia,5850
giovinetta,5851
immane,5852
udite,5853
nelle,5854
stendea,5855
mavete,5856
geloso,5857
folgorava,5858
chiedeva,5859
scrigno,5860
viole,5861
dalla,5862
vostre,5863
chiesa,5864
dei,5865
colpito,5866
novello,5867
doni,5868
doro,5869
invan,5870
guardai,5871
santi,5872
sole,5873
firmamento,5874
dolor,5875
causa,5876
pena,5877
scherno,5878
uomini,5879
cotanta,5880
veniva,5881
agli,5882
dono,5883
umanamente,5884
colmi,5885
guardo,5886
vergine,5887
pien,5888
pieno,5889
còlto,5890
angelo,5891
vostro,5892
suolo,5893
vedrete,5894
prati,5895
duna,5896
lerario,5897
serviva,5898
dissi,5899
conoscete,5900
gridai,5901
spazio,5902
anima,5903
figli,5904
tremulo,5905
parole,5906
ond,5907
fronte,5908
allazzurro,5909
parola,5910
prete,5911
dellanima,5912
damor,5913
degli,5914
volli,5915
bestemmiando,5916
divinamente,5917
patrizia,5918
vegliardo,5919
orecchio,5920
pregar,5921
fanciulla,5922
accumulava,5923
detto,5924
parea,5925
lei,5926
schernir,5927
disprezzate,5928
ovio,5929
locchio,5930
contro,5931
puro,5932
calunniava,5933
varcai,5934
petto,5935
sordo,5936
pioveva,5937
pane,5938
profondo,5939
tesor,5940
scagliava,5941
uom,5942
abituri,5943
nicchie,5944
celo,5945
allazzuro,5946
vo,5947
lagrima,5948
negli,5949
spuntò,5950
vedo,5951
occhi,5952
sentir,5953
coi,5954
cercando,5955
sembrò,5956
furtiva,5957
chiedo,5958
giovani,5959
confondere,5960
invidiar,5961
festose,5962
puo,5963
sospir,5964
donizetti,5965
gaetano,5966
bird,5967
buries,5968
tasted,5969
tornado,5970
bash,5971
loosen,5972
twin,5973
bug,5974
monetary,5975
value,5976
unlucky,5977
ol,5978
waving,5979
tattoo,5980
nyc,5981
personified,5982
nature,5983
blazing,5984
energy,5985
manifestation,5986
caressing,5987
intrigue,5988
aww,5989
sensual,5990
heat,5991
lighting,5992
winn,5993
ted,5994
raccendi,5995
patire,5996
posa,5997
salice,5998
torri,5999
virtù,6000
fati,6001
suono,6002
vati,6003
simile,6004
concento,6005
dorate,6006
olezzano,6007
memorie,6008
molli,6009
laure,6010
membranza,6011
tepide,6012
natal,6013
tispiri,6014
fatal,6015
clivi,6016
solima,6017
colli,6018
pendi,6019
traggi,6020
fatidici,6021
sui,6022
atterrate,6023
sullali,6024
saluta,6025
lamento,6026
signore,6027
arpa,6028
favella,6029
infonda,6030
crudo,6031
rive,6032
muta,6033
slave,6034
hebrew,6035
chorus,6036
alumbraron,6037
lejos,6038
años,6039
lloro,6040
tiempo,6041
olvido,6042
febril,6043
regreso,6044
tuyo,6045
tengo,6046
retorno,6047
aferrada,6048
indiferencia,6049
nieves,6050
pálidos,6051
marchita,6052
sien,6053
haya,6054
errante,6055
primer,6056
huye,6057
temprano,6058
sombras,6059
noches,6060
recuerdos,6061
encadenen,6062
bajo,6063
pobladas,6064
reflejos,6065
parpadeo,6066
aunque,6067
busca,6068
dulce,6069
encuentro,6070
soñar,6071
van,6072
miedo,6073
esperanza,6074
mismas,6075
viajero,6076
platearon,6077
humilde,6078
vieja,6079
quise,6080
hondas,6081
pasado,6082
destruye,6083
adivino,6084
veinte,6085
detiene,6086
soplo,6087
nombra,6088
tarde,6089
marcando,6090
escondida,6091
andar,6092
estrellas,6093
otra,6094
enfrentarse,6095
matado,6096
burlón,6097
calle,6098
carlos,6099
gardel,6100
roberto,6101
arr,6102
pansera,6103
retarded,6104
driver,6105
koala,6106
disagree,6107
abrupt,6108
breakfast,6109
stung,6110
wished,6111
caused,6112
delivery,6113
bee,6114
wannabe,6115
gas,6116
age,6117
sunbeam,6118
intelligent,6119
younger,6120
crony,6121
vampire,6122
titus,6123
guided,6124
navigation,6125
paradigm,6126
parched,6127
seaman,6128
evolution,6129
unfurled,6130
rot,6131
source,6132
page,6133
code,6134
bottled,6135
reject,6136
implication,6137
cartographic,6138
nautical,6139
groundbreaking,6140
religious,6141
myth,6142
mirrored,6143
shovel,6144
looting,6145
pace,6146
pillaging,6147
treasure,6148
dash,6149
mark,6150
crewed,6151
swashbuckle,6152
choking,6153
neurotic,6154
jesus,6155
dispair,6156
thankful,6157
flesh,6158
saved,6159
crowded,6160
flake,6161
pool,6162
darkest,6163
fail,6164
contradicting,6165
troy,6166
truant,6167
crushed,6168
knot,6169
killer,6170
blindfold,6171
drifting,6172
obscene,6173
rearview,6174
scab,6175
mob,6176
witch,6177
difference,6178
howl,6179
curse,6180
kiddo,6181
precisely,6182
customer,6183
30,6184
score,6185
volume,6186
elgort,6187
lily,6188
ansel,6189
wha,6190
saviour,6191
disappointing,6192
danger,6193
variation,6194
shaky,6195
guarantee,6196
holla,6197
tick,6198
demigod,6199
kamehameha,6200
irritating,6201
beatin,6202
freakin,6203
wonderin,6204
brave,6205
cheerleader,6206
dummy,6207
fallin,6208
omitted,6209
reputation,6210
serious,6211
cha,6212
whatcha,6213
realise,6214
soldier,6215
jokin,6216
intention,6217
brotha,6218
saving,6219
headchala,6220
soundtrack,6221
resurrection,6222
fukkatsu,6223
various,6224
chikai,6225
grieving,6226
vacate,6227
optimism,6228
immediately,6229
disillusioned,6230
432,6231
disembark,6232
sustenance,6233
available,6234
following,6235
wage,6236
universal,6237
onboard,6238
lassitude,6239
compensation,6240
recipient,6241
disenfranchised,6242
category,6243
aspiration,6244
knee,6245
refreshment,6246
pension,6247
staff,6248
additional,6249
inconvenience,6250
salary,6251
southbound,6252
aboard,6253
refund,6254
platform,6255
unmedicated,6256
minimum,6257
required,6258
faith,6259
spider,6260
surreal,6261
lack,6262
phantom,6263
itch,6264
uncatch,6265
iron,6266
flu,6267
tooplot,6268
tofeel,6269
tohide,6270
tolive,6271
todie,6272
togrind,6273
tohurt,6274
todream,6275
tosweat,6276
totalk,6277
tolearn,6278
totrip,6279
tobreathe,6280
topray,6281
tofeed,6282
tosleep,6283
tobe,6284
toroll,6285
tolove,6286
tohelp,6287
tohate,6288
toscroll,6289
todance,6290
toblaze,6291
toplay,6292
tobreed,6293
togo,6294
happyalone,6295
chaque,6296
pour,6297
reste,6298
toujours,6299
donc,6300
quil,6301
dessinerai,6302
posé,6303
changeront,6304
fait,6305
sais,6306
appris,6307
lavenir,6308
effacer,6309
tous,6310
jai,6311
perd,6312
année,6313
arrive,6314
posent,6315
quen,6316
puisquil,6317
passent,6318
réponses,6319
choix,6320
ainsi,6321
présent,6322
aux,6323
quoi,6324
certains,6325
nexistent,6326
npeut,6327
commencent,6328
alternative,6329
dépassé,6330
mien,6331
ny,6332
mobsèdent,6333
penser,6334
rien,6335
nexiste,6336
me,6337
font,6338
dilemme,6339
idée,6340
oublier,6341
remords,6342
été,6343
aqme,6344
agree,6345
prisoned,6346
homesick,6347
message,6348
board,6349
ignore,6350
lagged,6351
chegou,6352
guardião,6353
áfricas,6354
pequena,6355
cajado,6356
quantum,6357
raiou,6358
daomé,6359
cruzou,6360
despontar,6361
comunidade,6362
zumbi,6363
yê,6364
anunciou,6365
ciata,6366
orixá,6367
alteza,6368
beijaflor,6369
rei,6370
quilombola,6371
majestade,6372
sangrou,6373
olodumarê,6374
baobá,6375
olorum,6376
desembarcar,6377
soberana,6378
nagôyorubá,6379
pulsando,6380
jejê,6381
ginga,6382
rainha,6383
gamboa,6384
ilê,6385
ogum,6386
ifé,6387
nilopolitana,6388
realidade,6389
galanga,6390
maracatu,6391
enfim,6392
palmares,6393
nobreza,6394
deve,6395
cidade,6396
princesa,6397
obatalá,6398
negra,6399
derrama,6400
remição,6401
agoyê,6402
mina,6403
querebentã,6404
viu,6405
hei,6406
odara,6407
entregou,6408
xangô,6409
onirê,6410
dan,6411
então,6412
oxalá,6413
ouro,6414
calunga,6415
dobre,6416
perdão,6417
machado,6418
imortal,6419
neguinho,6420
beija,6421
brasileira,6422
corte,6423
sicko,6424
struck,6425
gloomy,6426
rising,6427
arrived,6428
warn,6429
primal,6430
urge,6431
wrath,6432
pierce,6433
explode,6434
brood,6435
fragile,6436
spirit,6437
despite,6438
remains,6439
doleful,6440
invoice,6441
sultry,6442
suffered,6443
kismet,6444
phazer,6445
dunia,6446
tak,6447
tanpa,6448
satu,6449
selalu,6450
apaapa,6451
aku,6452
cintamu,6453
nggak,6454
sangat,6455
jadinya,6456
pasti,6457
artinya,6458
bila,6459
kamu,6460
senyum,6461
ada,6462
cuma,6463
sentuh,6464
yang,6465
mati,6466
bisa,6467
bukan,6468
kau,6469
ingin,6470
menyelamatkanku,6471
apa,6472
mampu,6473
butuh,6474
mengendalikan,6475
karena,6476
andai,6477
virus,6478
slank,6479
bedead,6480
bedbed,6481
aesthetically,6482
visuals,6483
facade,6484
fabfab,6485
fadfad,6486
pleasing,6487
filling,6488
dabdab,6489
battery,6490
vacation,6491
simulator,6492
perry,6493
daniel,6494
tres,6495
chocar,6496
diablo,6497
armonizan,6498
cuatro,6499
dioses,6500
mienten,6501
doce,6502
cumpleaños,6503
horizontes,6504
nueve,6505
vos,6506
casi,6507
diferentes,6508
respondes,6509
acorde,6510
luna,6511
diez,6512
viento,6513
año,6514
disfruto,6515
rayos,6516
maneras,6517
elementos,6518
enteron,6519
siete,6520
cinco,6521
suena,6522
descansar,6523
pasos,6524
seis,6525
escondido,6526
llamo,6527
distancias,6528
números,6529
prefiero,6530
escondes,6531
alfa,6532
nombres,6533
contar,6534
omega,6535
paré,6536
trece,6537
principio,6538
veces,6539
ruedan,6540
ocho,6541
nube,6542
hilo,6543
misteriosos,6544
infinitos,6545
colores,6546
conviene,6547
creados,6548
hasta,6549
cuento,6550
monterrey,6551
vivo,6552
fuerza,6553
2009,6554
gustavo,6555
cerati,6556
numeral,6557
thee,6558
begged,6559
caviar,6560
marriott,6561
rolex,6562
sister,6563
parker,6564
wining,6565
breakin,6566
bullshit,6567
cease,6568
spine,6569
shark,6570
shivering,6571
caribbean,6572
giggle,6573
flo,6574
pissy,6575
tro,6576
deja,6577
sixpack,6578
pinned,6579
cd,6580
suite,6581
spectacular,6582
rimmed,6583
puff,6584
dining,6585
strictly,6586
leftover,6587
sparked,6588
meridien,6589
bacardi,6590
spaghetti,6591
candlelight,6592
delivering,6593
pon,6594
wiggle,6595
leg,6596
waistline,6597
genuine,6598
eight,6599
dom,6600
vu,6601
climb,6602
benz,6603
nasty,6604
kelly,6605
essential,6606
notorious,6607
clue,6608
decision,6609
complain,6610
ghosted,6611
beside,6612
hearin,6613
promised,6614
losin,6615
lightz,6616
4mydad,6617
gt,6618
drug,6619
rack,6620
counter,6621
bleacher,6622
sittin,6623
tris,6624
couch,6625
tweet,6626
spilled,6627
slime,6628
efg,6629
lit,6630
wrist,6631
drank,6632
dmx,6633
richer,6634
sippin,6635
hop,6636
phew,6637
geeked,6638
hatin,6639
gle,6640
add,6641
rank,6642
crib,6643
math,6644
pint,6645
kan,6646
lame,6647
neptune,6648
hopped,6649
staying,6650
uhhuh,6651
wock,6652
idol,6653
xans,6654
kankan,6655
rrefg,6656
scar,6657
drowned,6658
jasmine,6659
sokko,6660
0000ff,6661
candle,6662
dodoodoo,6663
friendly,6664
walkin,6665
oohoh,6666
wind,6667
leech,6668
surprised,6669
doo,6670
wack,6671
forgive,6672
litte,6673
rowland,6674
fiddle,6675
deck,6676
settle,6677
played,6678
agreed,6679
laying,6680
whispered,6681
dacatchin,6682
embarrassing,6683
manya,6684
hollering,6685
easier,6686
womanbut,6687
spends,6688
geralds,6689
sang,6690
nerve,6691
oohs,6692
grabbed,6693
wasting,6694
happy,6695
introduced,6696
catchin,6697
umh,6698
worked,6699
gerald,6700
levert,6701
pet,6702
respect,6703
lettuce,6704
split,6705
disconnected,6706
dress,6707
hive,6708
collective,6709
animal,6710
awake,6711
siegel,6712
oneonone,6713
hundredsix,6714
fo,6715
album,6716
blindside,6717
granted,6718
humble,6719
judgin,6720
rapper,6721
ebay,6722
superbowl,6723
sleeve,6724
prop,6725
shirt,6726
stitch,6727
naughty,6728
ahold,6729
speak,6730
closest,6731
chat,6732
fame,6733
mixing,6734
eh,6735
roof,6736
motorola,6737
ohh,6738
eheh,6739
resident,6740
access,6741
aiyyo,6742
total,6743
erything,6744
willin,6745
lordy,6746
booth,6747
dock,6748
compare,6749
uhh,6750
winner,6751
shhh,6752
karat,6753
flop,6754
niggaz,6755
sho,6756
nelly,6757
nothin,6758
applyin,6759
cris,6760
bitchin,6761
sank,6762
website,6763
uncouth,6764
wes,6765
naw,6766
remembers,6767
shorties,6768
floss,6769
emulatin,6770
concerned,6771
write,6772
sprint,6773
squash,6774
spreadin,6775
yacht,6776
cocky,6777
warned,6778
citizen,6779
faced,6780
disgrace,6781
rat,6782
upstanding,6783
2005,6784
belly,6785
yard,6786
provides,6787
fur,6788
nap,6789
disturbed,6790
drooling,6791
purr,6792
continuously,6793
relay,6794
tail,6795
perhaps,6796
liked,6797
puffy,6798
paw,6799
fluff,6800
itchy,6801
chooses,6802
plastic,6803
sandwich,6804
profound,6805
booger,6806
frown,6807
kneading,6808
dough,6809
headache,6810
keyboard,6811
massage,6812
communicate,6813
indoors,6814
furry,6815
sack,6816
produce,6817
hilarious,6818
leslie,6819
pope,6820
network,6821
holed,6822
convinced,6823
creature,6824
ransom,6825
sinead,6826
wearing,6827
0connor,6828
force,6829
loyal,6830
betray,6831
forest,6832
personal,6833
dresch,6834
planned,6835
darlin,6836
foolish,6837
captured,6838
treat,6839
scissors,6840
milk,6841
violate,6842
twist,6843
bleed,6844
garbage,6845
hooper,6846
nellee,6847
complex,6848
tuck,6849
superstitious,6850
posing,6851
capture,6852
changed,6853
flew,6854
weigh,6855
delicious,6856
malicious,6857
teddy,6858
rewind,6859
chemistry,6860
bear,6861
suspicious,6862
sharp,6863
werent,6864
clothes,6865
focus,6866
locust,6867
raging,6868
tricky,6869
questioning,6870
aye,6871
convincing,6872
convincin,6873
recognizing,6874
sag,6875
oooo,6876
pas,6877
holiday,6878
workin,6879
heyyyy,6880
ply,6881
twirl,6882
prefer,6883
curve,6884
whateva,6885
yuh,6886
salute,6887
tha,6888
splurge,6889
goon,6890
mmine,6891
cole,6892
keyshia,6893
heyheyheyhey,6894
heyheyhey,6895
jonestown,6896
massacre,6897
threat,6898
dusted,6899
stezo,6900
turban,6901
folk,6902
saturate,6903
zevlove,6904
havin,6905
reverb,6906
fishbowl,6907
raw,6908
restaurant,6909
caugth,6910
gots,6911
laundry,6912
rap,6913
sock,6914
asian,6915
payin,6916
grabbin,6917
retarted,6918
gangsta,6919
herb,6920
midget,6921
12inch,6922
cerebellum,6923
percee,6924
treacherous,6925
imperial,6926
punching,6927
zoo,6928
morse,6929
fliest,6930
fever,6931
megadumb,6932
parrot,6933
vet,6934
cereal,6935
plinco,6936
suburbanite,6937
battle,6938
armed,6939
dude,6940
farted,6941
sucker,6942
mentally,6943
wardrobe,6944
religion,6945
vietnam,6946
verse,6947
primitive,6948
edan,6949
soviettes,6950
smiling,6951
landed,6952
kitty,6953
producer,6954
distortion,6955
lyric,6956
woahoh,6957
emotion,6958
catchy,6959
different,6960
woah,6961
eternity,6962
psychostick,6963
ingle,6964
lookalikes,6965
sauce,6966
tarter,6967
barbecue,6968
farther,6969
buncha,6970
starter,6971
motherfucker,6972
rocking,6973
balance,6974
stunna,6975
poof,6976
breadcrumb,6977
clone,6978
uicide,6979
pearl,6980
butter,6981
martyr,6982
yung,6983
marble,6984
uicides,6985
flow,6986
accent,6987
loth,6988
blunt,6989
sipping,6990
808s,6991
blowing,6992
fried,6993
goku,6994
others,6995
committed,6996
riding,6997
tooth,6998
puffing,6999
slap,7000
uicideboy,7001
kit,7002
prowler,7003
wagon,7004
monte,7005
stunt,7006
viper,7007
eyebrow,7008
stunnin,7009
chan,7010
dub,7011
football,7012
hoppin,7013
suell,7014
jaguar,7015
kitted,7016
carlo,7017
jewel,7018
lexus,7019
royce,7020
bumpin,7021
wayne,7022
platinum,7023
blingin,7024
jag,7025
bluckablucka,7026
cadillac,7027
chrome,7028
juvenile,7029
motherfuckin,7030
hug,7031
weezy,7032
bangin,7033
tymer,7034
representin,7035
juvie,7036
bubbleeye,7037
mercedes,7038
spark,7039
bentleys,7040
twinkle,7041
drinkin,7042
cooked,7043
jackie,7044
rally,7045
grill,7046
rookie,7047
upt,7048
sucked,7049
crissy,7050
jumpin,7051
yu,7052
yukon,7053
knievil,7054
stunnas,7055
glisten,7056
hummer,7057
beef,7058
tangle,7059
stun,7060
bryan,7061
introduction,7062
outstunt,7063
button,7064
atrice,7065
happenin,7066
20inch,7067
whwhat,7068
playboy,7069
busta,7070
mcgyver,7071
nugs,7072
explicit,7073
tymers,7074
softly,7075
abides,7076
velvet,7077
rhytm,7078
temple,7079
studio,7080
louder,7081
silent,7082
fria,7083
gamla,7084
håkan,7085
hellström,7086
gauchais,7087
grit,7088
wrap,7089
tilt,7090
queue,7091
concrete,7092
casket,7093
depression,7094
bathroom,7095
mosaic,7096
defect,7097
reaction,7098
vice,7099
104,7100
theory,7101
preincarnated,7102
alpha,7103
wolf,7104
peck,7105
leader,7106
desert,7107
plowen,7108
corewel,7109
plowing,7110
jackal,7111
pine,7112
aroara,7113
shared,7114
pleased,7115
nervous,7116
songz,7117
trey,7118
1fan,7119
christmas,7120
mistletoe,7121
protect,7122
dram,7123
1happyholiday,7124
chchecking,7125
starship,7126
cobra,7127
1nite,7128
bass,7129
kick,7130
hehey,7131
1f1e33,7132
camellia,7133
corpus,7134
ran,7135
bucketful,7136
handful,7137
stoned,7138
billy,7139
bob,7140
pat,7141
automated,7142
blouse,7143
spouse,7144
invading,7145
secretly,7146
cyberson,7147
model,7148
theorize,7149
soil,7150
bean,7151
doe,7152
soften,7153
introspective,7154
raincoat,7155
sugarplum,7156
kraft,7157
paperbag,7158
黃小楨,7159
meanwhile,7160
scent,7161
wheeling,7162
trail,7163
spiral,7164
thread,7165
tainted,7166
striving,7167
guiding,7168
bloom,7169
addiction,7170
deceiving,7171
upwards,7172
uncaging,7173
bluer,7174
seeking,7175
metamorphosis,7176
teodasia,7177
34,7178
title,7179
morphed,7180
womens,7181
hani,7182
sooner,7183
chris,7184
concert,7185
dropped,7186
dedicated,7187
moonlight,7188
performing,7189
tore,7190
mainain,7191
scat,7192
africa,7193
expect,7194
dave,7195
36,7196
surely,7197
weave,7198
slice,7199
upbeat,7200
consequently,7201
antiapartheid,7202
listener,7203
supported,7204
matthew,7205
rutherford,7206
airline,7207
nj,7208
continental,7209
arena,7210
81595,7211
morrison,7212
1995,7213
amphitheatre,7214
august,7215
co,7216
replying,7217
liers,7218
burned,7219
footprint,7220
argument,7221
haunting,7222
coz,7223
sand,7224
anxiety,7225
36ghost,7226
drftwood,7227
richard,7228
aphex,7229
notice,7230
splash,7231
difficulty,7232
begging,7233
crushing,7234
melt,7235
speeding,7236
waltzing,7237
praying,7238
41,7239
wooten,7240
victor,7241
121998,7242
center,7243
1998,7244
luther,7245
reynolds,7246
ia,7247
february,7248
1996,7249
decorah,7250
daisy,7251
jeff,7252
saxophone,7253
piazza,7254
lucca,7255
italy,7256
july,7257
napoleone,7258
2007,7259
downer,7260
junkie,7261
puttin,7262
heroin,7263
hank,7264
iii,7265
満たされた様で,7266
変わらないものが欲しくて,7267
いつのことだろう,7268
僕は弱くなった,7269
守るべきものに,7270
想像力の支配を支配せよ,7271
乱された様で,7272
戦うこと,7273
鮮やかな夕景たちよ,7274
僕は強くなった,7275
消えていきそうで,7276
いっそのこと君を食べてしまいたい,7277
壊せないものを手にいれた,7278
忘れないでいて自分の醜さを,7279
終わらない物語だって,7280
飲み込まれてく,7281
かけがえのものを手に入れたのは,7282
いっそのこと君を殺してしまいたい,7283
僕を引き剥がして,7284
輝く未来から,7285
焦燥感に駆られたいの,7286
何かに負けること,7287
鮮やかな夕景達よ,7288
怖くなったよ,7289
届かないものが欲しくて,7290
劣等感に狩られていたいの,7291
どこか遠くで願ってたんだろう,7292
想像力の支配から解放せよ,7293
もう,7294
ling,7295
sigure,7296
tosite,7297
bothered,7298
scion,7299
luck,7300
smack,7301
flight,7302
cali,7303
rangs,7304
tuesday,7305
mustang,7306
nati,7307
trendy,7308
corona,7309
freeway,7310
prolly,7311
vague,7312
solsoldiers,7313
imposter,7314
motto,7315
phase,7316
hollywood,7317
rooted,7318
cincinnati,7319
sudan,7320
archive,7321
513,7322
goggle,7323
river,7324
seemed,7325
gonzález,7326
sudden,7327
böwakawa,7328
unfolding,7329
pousse,7330
merry,7331
rem,7332
poussé,7333
lennon,7334
2010,7335
recognize,7336
frame,7337
calmness,7338
addicted,7339
mask,7340
hd,7341
searchable,7342
hashtag,7343
aimless,7344
riverside,7345
handlebar,7346
topic,7347
666,7348
pigtailed,7349
american,7350
prove,7351
painted,7352
armageddon,7353
flooded,7354
satan,7355
bottomless,7356
corps,7357
jewelry,7358
trending,7359
gollum,7360
criss,7361
cult,7362
semen,7363
piranha,7364
opened,7365
raining,7366
fatter,7367
wheelies,7368
peter,7369
camera,7370
crescent,7371
ajj,7372
mafé,7373
monde,7374
jaloux,7375
commencer,7376
bouge,7377
prends,7378
oui,7379
coupable,7380
peine,7381
lépoque,7382
revenu,7383
elle,7384
dire,7385
poussetoi,7386
peau,7387
saboter,7388
merde,7389
blablabla,7390
voter,7391
peu,7392
pouce,7393
jsais,7394
benzema,7395
ldébut,7396
forum,7397
ca,7398
fouille,7399
gar,7400
africaine,7401
quand,7402
folie,7403
demande,7404
démodé,7405
lcôté,7406
marrant,7407
sont,7408
ouste,7409
dassaut,7410
dêtre,7411
demandé,7412
marmonne,7413
frousse,7414
finirai,7415
jen,7416
arrivé,7417
trousses,7418
fais,7419
mop,7420
mot,7421
loin,7422
monsieur,7423
disleur,7424
couscous,7425
veulent,7426
booska,7427
gros,7428
dérange,7429
quça,7430
voulez,7431
base,7432
làbas,7433
faire,7434
quils,7435
emmerde,7436
regardela,7437
jsuis,7438
dawa,7439
sexion,7440
sest,7441
booba,7442
askip,7443
zerma,7444
communauté,7445
surcoté,7446
toi,7447
brousse,7448
loubard,7449
cest,7450
broussard,7451
touche,7452
commencé,7453
rond,7454
seul,7455
2pac,7456
dit,7457
chèque,7458
superhéros,7459
lor,7460
manières,7461
verras,7462
moussa,7463
faut,7464
tire,7465
racine,7466
toutbab,7467
souches,7468
devrait,7469
peux,7470
complètement,7471
attendent,7472
nous,7473
tête,7474
fally,7475
pourront,7476
douce,7477
pures,7478
sa,7479
renvoyer,7480
baise,7481
jvais,7482
mécoutent,7483
fm,7484
vous,7485
ailleurs,7486
gen,7487
allez,7488
akhi,7489
mettre,7490
sûr,7491
vont,7492
éclabousser,7493
ipupa,7494
odeur,7495
jattends,7496
nai,7497
viens,7498
commissaire,7499
ouais,7500
pawpawpaw,7501
ça,7502
rafler,7503
mesrine,7504
comme,7505
wati,7506
nvais,7507
dites,7508
parce,7509
bienvenue,7510
tappelles,7511
loupe,7512
validés,7513
insatisfait,7514
éternel,7515
jook,7516
spoil,7517
powder,7518
jumping,7519
gyal,7520
behaving,7521
cyah,7522
lawd,7523
unruly,7524
lawdd,7525
soca,7526
promoter,7527
fabulous,7528
sutra,7529
wilding,7530
cancer,7531
ex,7532
cake,7533
shawty,7534
gemini,7535
freak,7536
nick,7537
respond,7538
bday,7539
ballers,7540
vine,7541
cannon,7542
seduce,7543
tip,7544
celebrate,7545
birthday,7546
tank,7547
siya,7548
brown,7549
sage,7550
cigarette,7551
cope,7552
tea,7553
mmmmmm,7554
worst,7555
ahhaa,7556
mmhmm,7557
attachment,7558
sugar,7559
habit,7560
bet,7561
hmmmm,7562
etta,7563
bad4me,7564
beijar,7565
hora,7566
copo,7567
juízo,7568
contatinhos,7569
cê,7570
agora,7571
bebedeira,7572
amanhece,7573
sai,7574
bebe,7575
coloca,7576
aproveita,7577
snap,7578
curto,7579
reativar,7580
cai,7581
pode,7582
tchauzin,7583
morrer,7584
baladeira,7585
problema,7586
beber,7587
solteira,7588
vivendo,7589
vestidinho,7590
trouxa,7591
queria,7592
hugo,7593
diego,7594
maiara,7595
maraisa,7596
thrill,7597
ohoh,7598
undressable,7599
mariah,7600
carey,7601
miguel,7602
contract,7603
sweetest,7604
dmd,7605
mascara,7606
valkyrie,7607
cum,7608
gently,7609
thrust,7610
seed,7611
liquid,7612
shaped,7613
evidence,7614
delight,7615
barretts,7616
throwing,7617
bride,7618
cooler,7619
rumor,7620
blade,7621
scatter,7622
grapple,7623
workout,7624
xzibit,7625
contrived,7626
sniper,7627
bubblegum,7628
attached,7629
gummy,7630
fiber,7631
popping,7632
12,7633
ig,7634
problematic,7635
gunshot,7636
staggered,7637
worm,7638
og,7639
hire,7640
tape,7641
swerve,7642
smg,7643
mp5,7644
syko,7645
brooklynbloodpop,7646
clair,7647
thème,7648
dès,7649
sans,7650
cette,7651
dici,7652
connaître,7653
vipère,7654
refais,7655
tourne,7656
reviennent,7657
choses,7658
surface,7659
même,7660
vois,7661
matteins,7662
dis,7663
voix,7664
tennuies,7665
lhypocrisie,7666
changer,7667
déjà,7668
modèle,7669
résonne,7670
schémas,7671
langue,7672
lâches,7673
siffler,7674
personne,7675
répands,7676
murmures,7677
jentends,7678
vers,7679
rumeur,7680
parles,7681
jaime,7682
ceux,7683
compromis,7684
ce,7685
cela,7686
edition,7687
linfini,7688
tal,7689
predator,7690
dinner,7691
unreplied,7692
sinner,7693
hunt,7694
blooded,7695
harder,7696
stylez,7697
imperialjovana,7698
coldblooded,7699
pouring,7700
monies,7701
excite,7702
5g,7703
honest,7704
nike,7705
connected,7706
he3b,7707
かけるわ,7708
どれでも全部,7709
問題山積み,7710
絶対無理無理,7711
何処でも行けるわ,7712
カラフルに世界を染めよう,7713
甘いのが欲しい,7714
大胆不敵に,7715
jar,7716
隣には王子,7717
魔法をかけるわ,7718
キラキラな世界に飛べそう,7719
甘酸っぱい,7720
今すぐに欲しい,7721
君と探そう,7722
rush,7723
カラフルに世界を染めよう世界を染めよう,7724
誰か足りない,7725
tttype,7726
君と二人だけの秘密だから,7727
溶けちゃいそうな,7728
hush,7729
秘薬のレシピ,7730
tttttake,7731
かなり疲れ気味,7732
マシュマロみたいに,7733
ワガママ放題,7734
止まらない,7735
心が欲しがるわ,7736
溶けちゃいそうなチョコバー,7737
可愛いは正義,7738
夢のような,7739
夢のようなtrip,7740
気分はふわふわ,7741
結構ぎりぎり,7742
誰かそんな甘い恋がしたい,7743
扉をサーチ,7744
ドキドキが加速してくの,7745
一口頬張れば,7746
candy,7747
目が回る,7748
そんな事ばかり,7749
トキメキが弾けちゃうでしょう,7750
最近いらいら,7751
お望み通り,7752
君の心,7753
pique,7754
nuevo,7755
oro,7756
hay,7757
guacano,7758
haber,7759
novia,7760
llego,7761
parido,7762
tuyas,7763
jeba,7764
putas,7765
robe,7766
guacanos,7767
haciéndolo,7768
alante,7769
coso,7770
coges,7771
cobre,7772
carro,7773
hija,7774
tensión,7775
pues,7776
madre,7777
puta,7778
cuadre,7779
sobra,7780
llegó,7781
nave,7782
también,7783
deputamadre,7784
doy,7785
prenda,7786
prendas,7787
rica,7788
bobolón,7789
correa,7790
pone,7791
perra,7792
follo,7793
hijo,7794
elilluminari,7795
discoteca,7796
estás,7797
limón,7798
vinagre,7799
ando,7800
enrolar,7801
chico,7802
abre,7803
ni,7804
brr,7805
huf,7806
deusvult,7807
sefa,7808
בשביל,7809
מה,7810
ברק,7811
אדיר,7812
בתור,7813
גורדי,7814
גבוהה,7815
תבורי,7816
אהה,7817
תה,7818
פושר,7819
המדליק,7820
לי,7821
מישתבח,7822
כאן,7823
דחפור,7824
משלמת,7825
עם,7826
יפה,7827
לה,7828
על,7829
חשבונית,7830
אחורה,7831
משוויץ,7832
דודו,7833
במתנה,7834
חונה,7835
אני,7836
יאללה,7837
עומד,7838
ישראלי,7839
לשבור,7840
בא,7841
מסריח,7842
איך,7843
יש,7844
אסטרונאוט,7845
אצבוט,7846
אושר,7847
גם,7848
למעלה,7849
שלה,7850
בנאל,7851
פה,7852
מוזיקה,7853
עסלי,7854
כל,7855
או,7856
ואיזה,7857
kosher,7858
תצעק,7859
גל,7860
שואל,7861
x12,7862
מאמא,7863
תזכיר,7864
התמונה,7865
טוב,7866
בואנה,7867
שכתב,7868
שתוק,7869
סטטבוי,7870
וזה,7871
בתמונה,7872
ארנונה,7873
זלקדיש,7874
סלפי,7875
דובי,7876
רותחת,7877
מדונה,7878
מפשיר,7879
אם,7880
מכשיר,7881
בטוסיק,7882
אז,7883
לטוסיק,7884
מוציא,7885
גנים,7886
ידיים,7887
דשמיא,7888
הביט,7889
ישמנמנה,7890
אותה,7891
מילר,7892
השתג,7893
סורי,7894
לא,7895
כאילו,7896
בוערת,7897
חלל,7898
בסעיתא,7899
איהה,7900
הוא,7901
למי,7902
דוביגל,7903
רק,7904
סופר,7905
הנסיך,7906
כזאת,7907
פותחת,7908
עושה,7909
שלך,7910
שצריך,7911
דמאק,7912
וגם,7913
מרדונה,7914
היא,7915
שם,7916
אתה,7917
אש,7918
התחת,7919
כי,7920
את,7921
אמר,7922
ולמה,7923
עוקץ,7924
מקולקל,7925
הדבורה,7926
מאיפה,7927
תחת,7928
הגיל,7929
תבורייסילסול,7930
סטאר,7931
נראה,7932
תבור,7933
הממלכה,7934
racking,7935
וכל,7936
אומר,7937
גוף,7938
זה,7939
קבלתי,7940
אבל,7941
מאיה,7942
שהיא,7943
תתיק,7944
הטכנאי,7945
אה,7946
ישבנבנה,7947
מכור,7948
אין,7949
שאני,7950
המניאק,7951
יוצא,7952
בישבן,7953
קילר,7954
כולי,7955
הולכת,7956
תשיר,7957
חזק,7958
בודי,7959
ביפ,7960
והוא,7961
בום,7962
וחברה,7963
מי,7964
כושר,7965
קרא,7966
שהוא,7967
סקיי,7968
איתי,7969
dubigal,7970
ron,7971
nesher,7972
salga,7973
nieve,7974
instante,7975
noche,7976
abracé,7977
podré,7978
herir,7979
alguien,7980
veamo,7981
pase,7982
llevarán,7983
ponle,7984
habitación,7985
hacíamos,7986
abrazos,7987
abrazar,7988
siento,7989
besemos,7990
querremos,7991
esparzo,7992
volveremos,7993
espere,7994
éramos,7995
parezca,7996
entonces,7997
guárdame,7998
caso,7999
nadie,8000
quiere,8001
tengas,8002
pueda,8003
abrazaré,8004
debes,8005
acercarán,8006
espera,8007
seguro,8008
esté,8009
alejandro,8010
sanz,8011
improvisación,8012
elmundofuera,8013
properly,8014
cognisant,8015
reptile,8016
johnnascus,8017
untitled_0034,8018
ff0000,8019
thots,8020
slaying,8021
nuh,8022
comfortable,8023
cud,8024
boo,8025
clearly,8026
intermission,8027
fwyb,8028
너도,8029
때가,8030
하는데,8031
보면,8032
하는,8033
말해줄,8034
나,8035
수,8036
난,8037
괜히,8038
어깨가,8039
왜,8040
너는,8041
같아,8042
졸업식,8043
있어,8044
훔쳐가,8045
없고,8046
커,8047
숫기,8048
커져,8049
예쁘게,8050
보는,8051
타고,8052
것,8053
지금도,8054
아무,8055
건지,8056
오는,8057
만나면,8058
땜에,8059
어디서,8060
아직도,8061
두근거린다고,8062
말도,8063
아님,8064
하겠어,8065
거야,8066
채로,8067
그렇게,8068
키도,8069
얼어붙어,8070
버린,8071
날,8072
못되게,8073
어쩜,8074
날로,8075
굴었었다고,8076
timeline에,8077
너의,8078
어릴,8079
따뜻할,8080
그런,8081
나의,8082
눈이,8083
놀릴,8084
소식이,8085
떨리는,8086
맘에,8087
들어,8088
기억나,8089
내,8090
이제,8091
빼빼,8092
작고,8093
시간이,8094
돌아가,8095
근데,8096
두드려보지만,8097
나름,8098
짓궂게,8099
뭐,8100
솔직해,8101
말마다,8102
흰,8103
훌쩍,8104
맘이었는데,8105
내리면,8106
그,8107
나타나는,8108
사실,8109
좋아했다고,8110
너가,8111
이제는,8112
걸어오고,8113
설레게,8114
해,8115
너를,8116
못,8117
놀려주는,8118
다,8119
줄래,8120
그리운,8121
멋진,8122
몸이,8123
걸까,8124
좋아했던,8125
조용했었지,8126
말랐지,8127
때,8128
없이,8129
모를,8130
넌,8131
널,8132
게,8133
시간을,8134
네가,8135
웃어준다고,8136
bol4,8137
illuminate,8138
prepared,8139
decline,8140
swine,8141
saddle,8142
grinding,8143
fasho,8144
visualize,8145
koolaid,8146
war,8147
kinfolk,8148
biscuit,8149
chattel,8150
trap,8151
scrap,8152
combined,8153
knowledge,8154
struggling,8155
ammo,8156
survive,8157
turning,8158
sorta,8159
infntlp,8160
scky,8161
bxth,8162
flashdrive,8163
están,8164
caros,8165
guarra,8166
niños,8167
debe,8168
fía,8169
esquina,8170
hacían,8171
yonkis,8172
posturas,8173
dolia,8174
bonico,8175
presos,8176
porro,8177
saludo,8178
filas,8179
escriba,8180
grasa,8181
pininfarina,8182
piso,8183
chivato,8184
bium,8185
billetes,8186
llames,8187
muertos,8188
bate,8189
coca,8190
tratando,8191
bebo,8192
pago,8193
estaban,8194
policía,8195
namás,8196
alegre,8197
diseños,8198
soy,8199
clepticu,8200
convertirte,8201
fumo,8202
peligrosa,8203
vale,8204
formando,8205
follando,8206
curva,8207
hooke,8208
ryanaires,8209
steve,8210
cosas,8211
creo,8212
nacen,8213
béisbol,8214
rin,8215
ahora,8216
guillaos,8217
bitchina,8218
dolía,8219
sniatch,8220
estaba,8221
ambulancia,8222
sistema,8223
viniendo,8224
ese,8225
basura,8226
sangre,8227
juran,8228
diosa,8229
hacer,8230
detrá,8231
panza,8232
enciendo,8233
dinero,8234
haciendo,8235
rio,8236
costura,8237
muy,8238
beso,8239
punto,8240
estao,8241
contento,8242
traen,8243
flush,8244
alegría,8245
esos,8246
culo,8247
tos,8248
haze,8249
debo,8250
mamá,8251
puedo,8252
hermanito,8253
dejao,8254
comía,8255
traphouse,8256
pue,8257
crux,8258
famosa,8259
farina,8260
freemolly,8261
intro,8262
voy,8263
ciego,8264
classy,8265
twothree,8266
clothing,8267
hacienda,8268
valgo,8269
saber,8270
hacerse,8271
rari,8272
invierto,8273
vuelto,8274
puesto,8275
confiaron,8276
keo,8277
probándome,8278
blanco,8279
dot,8280
jardinero,8281
mainstream,8282
cogemo,8283
ellos,8284
sonando,8285
shoota,8286
sabemos,8287
sigo,8288
declaro,8289
conjunto,8290
envidioso,8291
aprenda,8292
mierda,8293
negocio,8294
pararme,8295
eso,8296
freetag,8297
build,8298
tanta,8299
pim,8300
mala,8301
vive,8302
gasto,8303
quien,8304
repetir,8305
enryk,8306
agente,8307
negro,8308
fendi,8309
apaga,8310
quemo,8311
tax,8312
prr,8313
hierba,8314
presumir,8315
zorra,8316
trabajo,8317
míos,8318
sabe,8319
viste,8320
dicen,8321
flexing,8322
feo,8323
papi,8324
lazy,8325
revés,8326
ahí,8327
trapping,8328
fed,8329
limpio,8330
hater,8331
an,8332
estoy,8333
enamorao,8334
ayer,8335
vuelvo,8336
tonto,8337
cheque,8338
hablar,8339
pff,8340
amigo,8341
cantante,8342
fardo,8343
dónde,8344
facturo,8345
keoland,8346
kidd,8347
teasing,8348
deleted,8349
text,8350
fantasy,8351
lied,8352
planning,8353
friendzone,8354
friendzonelive,8355
carried,8356
rollercoaster,8357
ringin,8358
fore,8359
slot,8360
arcade,8361
penny,8362
fixin,8363
duncan,8364
laurence,8365
coding,8365
stony,8366
flaming,8379
terror,8379
moscow,8379
preacher,8379
ecstasy,8379
teacher,8379
85,8380
shashwat,8382
sachdev,8383
irshad,8386
kamil,8387
phir,8388
arijit,8388
singh,8388
romanized,8388
genius,8389
romanizations,8390
olivia,8391
rodrigo,8392
ruled,8396
tsar,8397
kazachok,8398
wunderbar,8399
squeeze,8400
wheeler,8401
hed,8402
believed,8403
holy,8404
healer,8405
heal,8406
swisher,8407
drinking,8408
lusting,8409
outrageous,8411
became,8412
declared,8412
brute,8414
higher,8415
demanding,8416
liz,8417
mitchell,8417
marcia,8417
barrett,8417
farian,8417
russia,8417
rararasputin,8417
russian,8417
machine,8417
rasputin,8417
nightflight,8417
venus,8418
boney,8419
